title,start_time,end_time,description,exercise_title,superset_id,exercise_notes,set_index,set_type,weight_lbs,reps,distance_miles,duration_seconds,rpe
Afternoon workout ??,"1 Dec 2025, 12:05","1 Dec 2025, 13:29",,ABC,,,0,normal,,,2,1200,
Afternoon workout ??,"1 Dec 2025, 12:05","1 Dec 2025, 13:29",,DEF,,,0,warmup,30,20,,,
Afternoon workout ??,"1 Dec 2025, 12:05","1 Dec 2025, 13:29",,DEF,,,1,warmup,88.18,10,,,
Afternoon workout ??,"1 Dec 2025, 12:05","1 Dec 2025, 13:29",,DEF,,,2,warmup,132.28,8,,,
Afternoon workout ??,"1 Dec 2025, 12:05","1 Dec 2025, 13:29",,DEF,,,3,warmup,220.46,8,,,
Afternoon workout ??,"1 Dec 2025, 12:05","1 Dec 2025, 13:29",,DEF,,,4,normal,256.29,9,,,
Afternoon workout ??,"1 Dec 2025, 12:05","1 Dec 2025, 13:29",,DEF,,,5,normal,256.29,9,,,
Afternoon workout ??,"1 Dec 2025, 12:05","1 Dec 2025, 13:29",,DEF,,,6,normal,256.29,11,,,
Day 1 ??Upper Day,"1 Dec 2025, 08:02","1 Dec 2025, 09:13",,Bench Press (Smith Machine),,,0,warmup,44.09,20,,,
Day 1 ??Upper Day,"1 Dec 2025, 08:02","1 Dec 2025, 09:13",,Bench Press (Smith Machine),,,1,warmup,88.18,10,,,
Day 1 ??Upper Day,"1 Dec 2025, 08:02","1 Dec 2025, 09:13",,Bench Press (Smith Machine),,,2,warmup,132.28,8,,,
Day 1 ??Upper Day,"1 Dec 2025, 08:02","1 Dec 2025, 09:13",,Bench Press (Smith Machine),,,3,warmup,220.46,8,,,
Day 1 ??Upper Day,"1 Dec 2025, 08:02","1 Dec 2025, 09:13",,Bench Press (Smith Machine),,,4,normal,256.29,9,,,
Day 1 ??Upper Day,"1 Dec 2025, 08:02","1 Dec 2025, 09:13",,Bench Press (Smith Machine),,,5,normal,256.29,9,,,
Day 1 ??Upper Day,"1 Dec 2025, 08:02","1 Dec 2025, 09:13",,Bench Press (Smith Machine),,,6,normal,256.29,11,,,
Day 1 ??Upper Day,"1 Dec 2025, 08:02","1 Dec 2025, 09:13",,Seated Overhead Press (Smith Machine),0,,0,warmup,44.09,10,,,
Day 1 ??Upper Day,"1 Dec 2025, 08:02","1 Dec 2025, 09:13",,Seated Overhead Press (Smith Machine),0,,1,warmup,110.23,8,,,
Day 1 ??Upper Day,"1 Dec 2025, 08:02","1 Dec 2025, 09:13",,Seated Overhead Press (Smith Machine),0,,2,normal,165.35,8,,,
Day 1 ??Upper Day,"1 Dec 2025, 08:02","1 Dec 2025, 09:13",,Seated Overhead Press (Smith Machine),0,,3,normal,165.35,8,,,
Day 1 ??Upper Day,"1 Dec 2025, 08:02","1 Dec 2025, 09:13",,Seated Overhead Press (Smith Machine),0,,4,normal,165.35,9,,,
Day 1 ??Upper Day,"1 Dec 2025, 08:02","1 Dec 2025, 09:13",,Pull Up (Assisted),0,,0,normal,50.71,9,,,
Day 1 ??Upper Day,"1 Dec 2025, 08:02","1 Dec 2025, 09:13",,Pull Up (Assisted),0,,1,normal,50.71,10,,,
Day 1 ??Upper Day,"1 Dec 2025, 08:02","1 Dec 2025, 09:13",,Pull Up (Assisted),0,,2,normal,50.71,8,,,
Day 1 ??Upper Day,"1 Dec 2025, 08:02","1 Dec 2025, 09:13",,Behind the Back Curl (Cable),,,0,normal,44.97,14,,,
Day 1 ??Upper Day,"1 Dec 2025, 08:02","1 Dec 2025, 09:13",,Behind the Back Curl (Cable),,,1,dropset,44.97,5,,,
Day 1 ??Upper Day,"1 Dec 2025, 08:02","1 Dec 2025, 09:13",,Behind the Back Curl (Cable),,,2,dropset,44.97,5,,,
Day 1 ??Upper Day,"1 Dec 2025, 08:02","1 Dec 2025, 09:13",,Behind the Back Curl (Cable),,,3,dropset,44.97,5,,,
Day 1 ??Upper Day,"1 Dec 2025, 08:02","1 Dec 2025, 09:13",,Behind the Back Curl (Cable),,,4,dropset,45.19,4,,,
Day 1 ??Upper Day,"1 Dec 2025, 08:02","1 Dec 2025, 09:13",,Behind the Back Curl (Cable),,,5,dropset,45.19,4,,,
Day 1 ??Upper Day,"1 Dec 2025, 08:02","1 Dec 2025, 09:13",,Overhead Triceps Extension (Cable),,,0,normal,79.37,15,,,
Day 1 ??Upper Day,"1 Dec 2025, 08:02","1 Dec 2025, 09:13",,Overhead Triceps Extension (Cable),,,1,normal,110.23,15,,,
Day 1 ??Upper Day,"1 Dec 2025, 08:02","1 Dec 2025, 09:13",,Overhead Triceps Extension (Cable),,,2,dropset,110.23,6,,,
Day 1 ??Upper Day,"1 Dec 2025, 08:02","1 Dec 2025, 09:13",,Overhead Triceps Extension (Cable),,,3,dropset,110.23,5,,,
Day 1 ??Upper Day,"1 Dec 2025, 08:02","1 Dec 2025, 09:13",,Overhead Triceps Extension (Cable),,,4,dropset,110.23,4,,,
Day 1 ??Upper Day,"1 Dec 2025, 08:02","1 Dec 2025, 09:13",,Overhead Triceps Extension (Cable),,,5,dropset,110.23,3,,,
Day 1 ??Upper Day,"1 Dec 2025, 08:02","1 Dec 2025, 09:13",,Overhead Triceps Extension (Cable),,,6,dropset,110.23,3,,,
Day 1 ??Upper Day,"1 Dec 2025, 08:02","1 Dec 2025, 09:13",,Seated Lateral Raise (Dumbbell),,,0,normal,44.09,15,,,
Day 1 ??Upper Day,"1 Dec 2025, 08:02","1 Dec 2025, 09:13",,Seated Lateral Raise (Dumbbell),,,1,dropset,44.09,6,,,
Day 1 ??Upper Day,"1 Dec 2025, 08:02","1 Dec 2025, 09:13",,Seated Lateral Raise (Dumbbell),,,2,dropset,44.09,6,,,
Day 1 ??Upper Day,"1 Dec 2025, 08:02","1 Dec 2025, 09:13",,Seated Lateral Raise (Dumbbell),,,3,dropset,44.09,4,,,
Day 1 ??Upper Day,"1 Dec 2025, 08:02","1 Dec 2025, 09:13",,Seated Lateral Raise (Dumbbell),,,4,dropset,44.09,3,,,
Day 1 ??Upper Day,"1 Dec 2025, 08:02","1 Dec 2025, 09:13",,Seated Lateral Raise (Dumbbell),,,5,dropset,44.09,3,,,
"Morning workout ?€??,30 Nov 2025"," 09:18""","30 Nov 2025, 09:42",,Bench Press (Smith Machine),,,0,warmup,44.09,20,,,
"Morning workout ?€??,30 Nov 2025"," 09:18""","30 Nov 2025, 09:42",,Bench Press (Smith Machine),,,1,warmup,132.28,5,,,
"Morning workout ?€??,30 Nov 2025"," 09:18""","30 Nov 2025, 09:42",,Bench Press (Smith Machine),,,2,warmup,176.37,5,,,
"Morning workout ?€??,30 Nov 2025"," 09:18""","30 Nov 2025, 09:42",,Bench Press (Smith Machine),,,3,warmup,220.46,8,,,
"Morning workout ?€??,30 Nov 2025"," 09:18""","30 Nov 2025, 09:42",,Bench Press (Smith Machine),,,4,normal,259.04,5,,,
Day 5 ??Legs Day,"29 Nov 2025, 18:25","29 Nov 2025, 19:50",,Squat (Smith Machine),,,0,warmup,132.28,10,,,
Day 5 ??Legs Day,"29 Nov 2025, 18:25","29 Nov 2025, 19:50",,Squat (Smith Machine),,,1,warmup,220.46,5,,,
Day 5 ??Legs Day,"29 Nov 2025, 18:25","29 Nov 2025, 19:50",,Squat (Smith Machine),,,2,warmup,286.6,3,,,
Day 5 ??Legs Day,"29 Nov 2025, 18:25","29 Nov 2025, 19:50",,Squat (Smith Machine),,,3,normal,220.46,10,,,
Day 5 ??Legs Day,"29 Nov 2025, 18:25","29 Nov 2025, 19:50",,Squat (Smith Machine),,,4,normal,220.46,10,,,
Day 5 ??Legs Day,"29 Nov 2025, 18:25","29 Nov 2025, 19:50",,Squat (Smith Machine),,,5,normal,264.55,8,,,
Day 5 ??Legs Day,"29 Nov 2025, 18:25","29 Nov 2025, 19:50",,Leg Press (Machine),,,0,warmup,431.44,10,,,
Day 5 ??Legs Day,"29 Nov 2025, 18:25","29 Nov 2025, 19:50",,Leg Press (Machine),,,1,warmup,607.81,8,,,
Day 5 ??Legs Day,"29 Nov 2025, 18:25","29 Nov 2025, 19:50",,Leg Press (Machine),,,2,normal,696,15,,,
Day 5 ??Legs Day,"29 Nov 2025, 18:25","29 Nov 2025, 19:50",,Leg Press (Machine),,,3,normal,696,12,,,
Day 5 ??Legs Day,"29 Nov 2025, 18:25","29 Nov 2025, 19:50",,Leg Press (Machine),,,4,normal,696,9,,,
Day 5 ??Legs Day,"29 Nov 2025, 18:25","29 Nov 2025, 19:50",,Leg Extension (Machine),,,0,normal,130.29,11,,,
Day 5 ??Legs Day,"29 Nov 2025, 18:25","29 Nov 2025, 19:50",,Leg Extension (Machine),,,1,normal,115.3,12,,,
Day 5 ??Legs Day,"29 Nov 2025, 18:25","29 Nov 2025, 19:50",,Leg Extension (Machine),,,2,dropset,115.3,4,,,
Day 5 ??Legs Day,"29 Nov 2025, 18:25","29 Nov 2025, 19:50",,Leg Extension (Machine),,,3,dropset,115.3,4,,,
Day 5 ??Legs Day,"29 Nov 2025, 18:25","29 Nov 2025, 19:50",,Leg Extension (Machine),,,4,dropset,115.3,4,,,
Day 5 ??Legs Day,"29 Nov 2025, 18:25","29 Nov 2025, 19:50",,Leg Extension (Machine),,,5,dropset,115.3,4,,,
Day 5 ??Legs Day,"29 Nov 2025, 18:25","29 Nov 2025, 19:50",,Leg Extension (Machine),,,6,dropset,115.3,3,,,
Day 5 ??Legs Day,"29 Nov 2025, 18:25","29 Nov 2025, 19:50",,Seated Leg Curl (Machine),,,0,normal,115.3,15,,,
Day 5 ??Legs Day,"29 Nov 2025, 18:25","29 Nov 2025, 19:50",,Seated Leg Curl (Machine),,,1,normal,130.29,13,,,
Day 5 ??Legs Day,"29 Nov 2025, 18:25","29 Nov 2025, 19:50",,Seated Leg Curl (Machine),,,2,dropset,130.29,5,,,
Day 5 ??Legs Day,"29 Nov 2025, 18:25","29 Nov 2025, 19:50",,Seated Leg Curl (Machine),,,3,dropset,130.29,5,,,
Day 5 ??Legs Day,"29 Nov 2025, 18:25","29 Nov 2025, 19:50",,Seated Leg Curl (Machine),,,4,dropset,130.29,5,,,
Day 5 ??Legs Day,"29 Nov 2025, 18:25","29 Nov 2025, 19:50",,Seated Leg Curl (Machine),,,5,dropset,130.29,4,,,
Day 5 ??Legs Day,"29 Nov 2025, 18:25","29 Nov 2025, 19:50",,Seated Leg Curl (Machine),,,6,dropset,130.29,4,,,
Day 5 ??Legs Day,"29 Nov 2025, 18:25","29 Nov 2025, 19:50",,Calf Press (Machine),,,0,normal,519.19,15,,,
Day 5 ??Legs Day,"29 Nov 2025, 18:25","29 Nov 2025, 19:50",,Calf Press (Machine),,,1,normal,607.37,15,,,
Day 5 ??Legs Day,"29 Nov 2025, 18:25","29 Nov 2025, 19:50",,Calf Press (Machine),,,2,dropset,607.37,10,,,
Day 5 ??Legs Day,"29 Nov 2025, 18:25","29 Nov 2025, 19:50",,Calf Press (Machine),,,3,dropset,607.37,5,,,
Day 5 ??Legs Day,"29 Nov 2025, 18:25","29 Nov 2025, 19:50",,Calf Press (Machine),,,4,dropset,607.37,5,,,
Day 5 ??Legs Day,"29 Nov 2025, 18:25","29 Nov 2025, 19:50",,Calf Press (Machine),,,5,dropset,607.37,4,,,
Day 5 ??Legs Day,"29 Nov 2025, 18:25","29 Nov 2025, 19:50",,Calf Press (Machine),,,6,dropset,607.37,4,,,
Day 4 ??Pull Day,"28 Nov 2025, 08:07","28 Nov 2025, 09:04",,Bent Over Row (Barbell),,,0,warmup,132.28,10,,,
Day 4 ??Pull Day,"28 Nov 2025, 08:07","28 Nov 2025, 09:04",,Bent Over Row (Barbell),,,1,warmup,198.42,5,,,
Day 4 ??Pull Day,"28 Nov 2025, 08:07","28 Nov 2025, 09:04",,Bent Over Row (Barbell),,,2,warmup,242.51,3,,,
Day 4 ??Pull Day,"28 Nov 2025, 08:07","28 Nov 2025, 09:04",,Bent Over Row (Barbell),,,3,normal,242.51,9,,,
Day 4 ??Pull Day,"28 Nov 2025, 08:07","28 Nov 2025, 09:04",,Bent Over Row (Barbell),,,4,normal,242.51,9,,,
Day 4 ??Pull Day,"28 Nov 2025, 08:07","28 Nov 2025, 09:04",,Bent Over Row (Barbell),,,5,normal,242.51,7,,,
Day 4 ??Pull Day,"28 Nov 2025, 08:07","28 Nov 2025, 09:04",,Lat Pulldown (Cable),,,0,normal,119.05,11,,,
Day 4 ??Pull Day,"28 Nov 2025, 08:07","28 Nov 2025, 09:04",,Lat Pulldown (Cable),,,1,normal,119.05,9,,,
Day 4 ??Pull Day,"28 Nov 2025, 08:07","28 Nov 2025, 09:04",,Lat Pulldown (Cable),,,2,normal,110.23,9,,,
Day 4 ??Pull Day,"28 Nov 2025, 08:07","28 Nov 2025, 09:04",,Seated Cable Row - Bar Grip,,,0,normal,119.05,10,,,
Day 4 ??Pull Day,"28 Nov 2025, 08:07","28 Nov 2025, 09:04",,Seated Cable Row - Bar Grip,,,1,normal,110.23,9,,,
Day 4 ??Pull Day,"28 Nov 2025, 08:07","28 Nov 2025, 09:04",,Seated Cable Row - Bar Grip,,,2,normal,90.39,10,,,
Day 4 ??Pull Day,"28 Nov 2025, 08:07","28 Nov 2025, 09:04",,Rear Delt Reverse Fly (Machine),,,0,normal,90.39,14,,,
Day 4 ??Pull Day,"28 Nov 2025, 08:07","28 Nov 2025, 09:04",,Rear Delt Reverse Fly (Machine),,,1,normal,90.39,11,,,
Day 4 ??Pull Day,"28 Nov 2025, 08:07","28 Nov 2025, 09:04",,Rear Delt Reverse Fly (Machine),,,2,dropset,90.39,5,,,
Day 4 ??Pull Day,"28 Nov 2025, 08:07","28 Nov 2025, 09:04",,Rear Delt Reverse Fly (Machine),,,3,dropset,90.39,4,,,
Day 4 ??Pull Day,"28 Nov 2025, 08:07","28 Nov 2025, 09:04",,Rear Delt Reverse Fly (Machine),,,4,dropset,90.39,4,,,
Day 4 ??Pull Day,"28 Nov 2025, 08:07","28 Nov 2025, 09:04",,Rear Delt Reverse Fly (Machine),,,5,dropset,90.39,3,,,
Day 4 ??Pull Day,"28 Nov 2025, 08:07","28 Nov 2025, 09:04",,Rear Delt Reverse Fly (Machine),,,6,dropset,90.39,3,,,
Day 4 ??Pull Day,"28 Nov 2025, 08:07","28 Nov 2025, 09:04",,Behind the Back Curl (Cable),,,0,warmup,39.68,10,,,
Day 4 ??Pull Day,"28 Nov 2025, 08:07","28 Nov 2025, 09:04",,Behind the Back Curl (Cable),,,1,normal,61.73,15,,,
Day 4 ??Pull Day,"28 Nov 2025, 08:07","28 Nov 2025, 09:04",,Behind the Back Curl (Cable),,,2,normal,61.73,12,,,
Day 4 ??Pull Day,"28 Nov 2025, 08:07","28 Nov 2025, 09:04",,Behind the Back Curl (Cable),,,3,dropset,61.73,5,,,
Day 4 ??Pull Day,"28 Nov 2025, 08:07","28 Nov 2025, 09:04",,Behind the Back Curl (Cable),,,4,dropset,61.73,5,,,
Day 4 ??Pull Day,"28 Nov 2025, 08:07","28 Nov 2025, 09:04",,Behind the Back Curl (Cable),,,5,dropset,61.73,5,,,
Day 4 ??Pull Day,"28 Nov 2025, 08:07","28 Nov 2025, 09:04",,Behind the Back Curl (Cable),,,6,dropset,61.73,5,,,
Day 4 ??Pull Day,"28 Nov 2025, 08:07","28 Nov 2025, 09:04",,Behind the Back Curl (Cable),,,7,dropset,61.73,4,,,
Day 3 ??Push Day,"27 Nov 2025, 08:24","27 Nov 2025, 09:25",,Overhead Press (Smith Machine),,,0,warmup,44.09,20,,,
Day 3 ??Push Day,"27 Nov 2025, 08:24","27 Nov 2025, 09:25",,Overhead Press (Smith Machine),,,1,warmup,88.18,5,,,
Day 3 ??Push Day,"27 Nov 2025, 08:24","27 Nov 2025, 09:25",,Overhead Press (Smith Machine),,,2,warmup,132.28,3,,,
Day 3 ??Push Day,"27 Nov 2025, 08:24","27 Nov 2025, 09:25",,Overhead Press (Smith Machine),,,3,normal,146.06,5,,,
Day 3 ??Push Day,"27 Nov 2025, 08:24","27 Nov 2025, 09:25",,Overhead Press (Smith Machine),,,4,normal,146.06,5,,,
Day 3 ??Push Day,"27 Nov 2025, 08:24","27 Nov 2025, 09:25",,Overhead Press (Smith Machine),,,5,normal,146.06,5,,,
Day 3 ??Push Day,"27 Nov 2025, 08:24","27 Nov 2025, 09:25",,Incline Bench Press (Smith Machine),,,0,warmup,44.09,20,,,
Day 3 ??Push Day,"27 Nov 2025, 08:24","27 Nov 2025, 09:25",,Incline Bench Press (Smith Machine),,,1,warmup,88.18,8,,,
Day 3 ??Push Day,"27 Nov 2025, 08:24","27 Nov 2025, 09:25",,Incline Bench Press (Smith Machine),,,2,warmup,132.28,5,,,
Day 3 ??Push Day,"27 Nov 2025, 08:24","27 Nov 2025, 09:25",,Incline Bench Press (Smith Machine),,,3,normal,187.39,10,,,
Day 3 ??Push Day,"27 Nov 2025, 08:24","27 Nov 2025, 09:25",,Incline Bench Press (Smith Machine),,,4,normal,187.39,10,,,8
Day 3 ??Push Day,"27 Nov 2025, 08:24","27 Nov 2025, 09:25",,Incline Bench Press (Smith Machine),,,5,normal,187.39,10,,,9.5
Day 3 ??Push Day,"27 Nov 2025, 08:24","27 Nov 2025, 09:25",,Butterfly (Pec Deck),,,0,normal,79.37,15,,,
Day 3 ??Push Day,"27 Nov 2025, 08:24","27 Nov 2025, 09:25",,Butterfly (Pec Deck),,,1,normal,90.39,13,,,
Day 3 ??Push Day,"27 Nov 2025, 08:24","27 Nov 2025, 09:25",,Butterfly (Pec Deck),,,2,dropset,90.39,6,,,
Day 3 ??Push Day,"27 Nov 2025, 08:24","27 Nov 2025, 09:25",,Butterfly (Pec Deck),,,3,dropset,90.39,6,,,
Day 3 ??Push Day,"27 Nov 2025, 08:24","27 Nov 2025, 09:25",,Butterfly (Pec Deck),,,4,dropset,90.39,5,,,
Day 3 ??Push Day,"27 Nov 2025, 08:24","27 Nov 2025, 09:25",,Butterfly (Pec Deck),,,5,dropset,90.39,5,,,
Day 3 ??Push Day,"27 Nov 2025, 08:24","27 Nov 2025, 09:25",,Butterfly (Pec Deck),,,6,dropset,90.39,5,,,
Day 3 ??Push Day,"27 Nov 2025, 08:24","27 Nov 2025, 09:25",,Seated Lateral Raise (Dumbbell),,,0,normal,44.09,14,,,
Day 3 ??Push Day,"27 Nov 2025, 08:24","27 Nov 2025, 09:25",,Seated Lateral Raise (Dumbbell),,,1,normal,44.09,12,,,
Day 3 ??Push Day,"27 Nov 2025, 08:24","27 Nov 2025, 09:25",,Seated Lateral Raise (Dumbbell),,,2,dropset,44.09,5,,,
Day 3 ??Push Day,"27 Nov 2025, 08:24","27 Nov 2025, 09:25",,Seated Lateral Raise (Dumbbell),,,3,dropset,44.09,4,,,
Day 3 ??Push Day,"27 Nov 2025, 08:24","27 Nov 2025, 09:25",,Seated Lateral Raise (Dumbbell),,,4,dropset,44.09,3,,,
Day 3 ??Push Day,"27 Nov 2025, 08:24","27 Nov 2025, 09:25",,Seated Lateral Raise (Dumbbell),,,5,dropset,44.09,3,,,
Day 3 ??Push Day,"27 Nov 2025, 08:24","27 Nov 2025, 09:25",,Seated Lateral Raise (Dumbbell),,,6,dropset,44.09,3,,,
Day 3 ??Push Day,"27 Nov 2025, 08:24","27 Nov 2025, 09:25",,Overhead Triceps Extension (Cable),,,0,normal,50.71,22,,,
Day 3 ??Push Day,"27 Nov 2025, 08:24","27 Nov 2025, 09:25",,Overhead Triceps Extension (Cable),,,1,normal,79.37,15,,,
Day 3 ??Push Day,"27 Nov 2025, 08:24","27 Nov 2025, 09:25",,Overhead Triceps Extension (Cable),,,2,dropset,79.37,5,,,
Day 3 ??Push Day,"27 Nov 2025, 08:24","27 Nov 2025, 09:25",,Overhead Triceps Extension (Cable),,,3,dropset,79.37,5,,,
Day 3 ??Push Day,"27 Nov 2025, 08:24","27 Nov 2025, 09:25",,Overhead Triceps Extension (Cable),,,4,dropset,79.37,4,,,
Day 3 ??Push Day,"27 Nov 2025, 08:24","27 Nov 2025, 09:25",,Overhead Triceps Extension (Cable),,,5,dropset,79.37,4,,,
Day 3 ??Push Day,"27 Nov 2025, 08:24","27 Nov 2025, 09:25",,Overhead Triceps Extension (Cable),,,6,dropset,79.37,3,,,
Day 2 ??Lower Day,"25 Nov 2025, 08:07","25 Nov 2025, 09:04",,Sumo Deadlift,,,0,warmup,132.28,5,,,
Day 2 ??Lower Day,"25 Nov 2025, 08:07","25 Nov 2025, 09:04",,Sumo Deadlift,,,1,warmup,220.46,4,,,
Day 2 ??Lower Day,"25 Nov 2025, 08:07","25 Nov 2025, 09:04",,Sumo Deadlift,,,2,warmup,286.6,3,,,
Day 2 ??Lower Day,"25 Nov 2025, 08:07","25 Nov 2025, 09:04",,Sumo Deadlift,,,3,normal,314.16,5,,,
Day 2 ??Lower Day,"25 Nov 2025, 08:07","25 Nov 2025, 09:04",,Sumo Deadlift,,,4,normal,314.16,7,,,
Day 2 ??Lower Day,"25 Nov 2025, 08:07","25 Nov 2025, 09:04",,Sumo Deadlift,,,5,normal,314.16,7,,,
Day 2 ??Lower Day,"25 Nov 2025, 08:07","25 Nov 2025, 09:04",,Romanian Deadlift (Barbell),,,0,normal,248.02,10,,,
Day 2 ??Lower Day,"25 Nov 2025, 08:07","25 Nov 2025, 09:04",,Romanian Deadlift (Barbell),,,1,normal,248.02,6,,,
Day 2 ??Lower Day,"25 Nov 2025, 08:07","25 Nov 2025, 09:04",,Seated Leg Curl (Machine),,,0,normal,138.89,14,,,
Day 2 ??Lower Day,"25 Nov 2025, 08:07","25 Nov 2025, 09:04",,Seated Leg Curl (Machine),,,1,normal,138.89,12,,,
Day 2 ??Lower Day,"25 Nov 2025, 08:07","25 Nov 2025, 09:04",,Seated Leg Curl (Machine),,,2,normal,138.89,10,,,
Day 2 ??Lower Day,"25 Nov 2025, 08:07","25 Nov 2025, 09:04",,Leg Press (Machine),,,0,normal,396.83,12,,,
Day 2 ??Lower Day,"25 Nov 2025, 08:07","25 Nov 2025, 09:04",,Leg Press (Machine),,,1,normal,396.83,12,,,
Day 2 ??Lower Day,"25 Nov 2025, 08:07","25 Nov 2025, 09:04",,Reverse Crunch,,,0,normal,,13,,,
Day 2 ??Lower Day,"25 Nov 2025, 08:07","25 Nov 2025, 09:04",,Reverse Crunch,,,1,normal,,9,,,
Day 1 ??Upper Day,"24 Nov 2025, 13:01","24 Nov 2025, 14:05",,Seated Overhead Press (Barbell),,,0,normal,176.37,5,,,
Day 1 ??Upper Day,"24 Nov 2025, 13:01","24 Nov 2025, 14:05",,Seated Overhead Press (Barbell),,,1,normal,176.37,8,,,
Day 1 ??Upper Day,"24 Nov 2025, 13:01","24 Nov 2025, 14:05",,Incline Bench Press (Smith Machine),,,0,normal,176.37,8,,,
Day 1 ??Upper Day,"24 Nov 2025, 13:01","24 Nov 2025, 14:05",,Incline Bench Press (Smith Machine),,,1,normal,176.37,15,,,
Day 1 ??Upper Day,"24 Nov 2025, 13:01","24 Nov 2025, 14:05",,Lateral Raise (Cable),,,0,normal,61.73,15,,,
Day 1 ??Upper Day,"24 Nov 2025, 13:01","24 Nov 2025, 14:05",,Lateral Raise (Cable),,,1,normal,61.73,14,,,
Day 1 ??Upper Day,"24 Nov 2025, 13:01","24 Nov 2025, 14:05",,Lateral Raise (Cable),,,2,normal,61.73,10,,,
Day 1 ??Upper Day,"24 Nov 2025, 13:01","24 Nov 2025, 14:05",,Pull Up (Assisted),,,0,normal,50.71,8,,,
Day 1 ??Upper Day,"24 Nov 2025, 13:01","24 Nov 2025, 14:05",,Pull Up (Assisted),,,1,normal,50.71,9,,,
Day 1 ??Upper Day,"24 Nov 2025, 13:01","24 Nov 2025, 14:05",,Seated Cable Row - Bar Wide Grip,,,0,normal,149.91,8,,,
Day 1 ??Upper Day,"24 Nov 2025, 13:01","24 Nov 2025, 14:05",,Seated Cable Row - Bar Wide Grip,,,1,normal,130.07,9,,,
Day 1 ??Upper Day,"24 Nov 2025, 13:01","24 Nov 2025, 14:05",,Rear Delt Reverse Fly (Machine),,,0,normal,130.07,10,,,
Day 1 ??Upper Day,"24 Nov 2025, 13:01","24 Nov 2025, 14:05",,Rear Delt Reverse Fly (Machine),,,1,normal,90.39,11,,,
Day 1 ??Upper Day,"24 Nov 2025, 13:01","24 Nov 2025, 14:05",,Rear Delt Reverse Fly (Machine),,,2,normal,90.39,10,,,
Day 1 ??Upper Day,"24 Nov 2025, 13:01","24 Nov 2025, 14:05",,Preacher Curl (Dumbbell),,,0,normal,33.07,20,,,
Day 1 ??Upper Day,"24 Nov 2025, 13:01","24 Nov 2025, 14:05",,Preacher Curl (Dumbbell),,,1,normal,44.09,14,,,
Day 1 ??Upper Day,"24 Nov 2025, 13:01","24 Nov 2025, 14:05",,Triceps Pushdown,,,0,normal,154.32,13,,,
Day 1 ??Upper Day,"24 Nov 2025, 13:01","24 Nov 2025, 14:05",,Triceps Pushdown,,,1,normal,59.97,11,,,
Push Day 1,"22 Nov 2025, 18:18","22 Nov 2025, 19:16",,Bench Press (Smith Machine),,,0,warmup,66.14,20,,,
Push Day 1,"22 Nov 2025, 18:18","22 Nov 2025, 19:16",,Bench Press (Smith Machine),,,1,warmup,132.28,10,,,
Push Day 1,"22 Nov 2025, 18:18","22 Nov 2025, 19:16",,Bench Press (Smith Machine),,,2,warmup,198.42,5,,,
Push Day 1,"22 Nov 2025, 18:18","22 Nov 2025, 19:16",,Bench Press (Smith Machine),,,3,warmup,242.51,3,,,
Push Day 1,"22 Nov 2025, 18:18","22 Nov 2025, 19:16",,Bench Press (Smith Machine),,,4,normal,259.04,5,,,
Push Day 1,"22 Nov 2025, 18:18","22 Nov 2025, 19:16",,Bench Press (Smith Machine),,,5,normal,259.04,5,,,
Push Day 1,"22 Nov 2025, 18:18","22 Nov 2025, 19:16",,Bench Press (Smith Machine),,,6,normal,259.04,5,,,
Push Day 1,"22 Nov 2025, 18:18","22 Nov 2025, 19:16",,Bench Press (Smith Machine),,,7,normal,259.04,7,,,9
Push Day 1,"22 Nov 2025, 18:18","22 Nov 2025, 19:16",,Incline Bench Press (Smith Machine),,,0,warmup,44.09,20,,,
Push Day 1,"22 Nov 2025, 18:18","22 Nov 2025, 19:16",,Incline Bench Press (Smith Machine),,,1,warmup,110.23,8,,,
Push Day 1,"22 Nov 2025, 18:18","22 Nov 2025, 19:16",,Incline Bench Press (Smith Machine),,,2,warmup,176.37,8,,,
Push Day 1,"22 Nov 2025, 18:18","22 Nov 2025, 19:16",,Incline Bench Press (Smith Machine),,,3,normal,187.39,8,,,
Push Day 1,"22 Nov 2025, 18:18","22 Nov 2025, 19:16",,Incline Bench Press (Smith Machine),,,4,normal,187.39,7,,,9
Push Day 1,"22 Nov 2025, 18:18","22 Nov 2025, 19:16",,Incline Bench Press (Smith Machine),,,5,normal,187.39,6,,,
Push Day 1,"22 Nov 2025, 18:18","22 Nov 2025, 19:16",,Incline Bench Press (Smith Machine),,,6,normal,176.37,5,,,
Push Day 1,"22 Nov 2025, 18:18","22 Nov 2025, 19:16",,Overhead Triceps Extension (Cable),,,0,normal,50.04,8,,,
Push Day 1,"22 Nov 2025, 18:18","22 Nov 2025, 19:16",,Overhead Triceps Extension (Cable),,,1,normal,50.04,7,,,
Afternoon workout ??,"22 Nov 2025, 12:33","22 Nov 2025, 14:00",,Seated Overhead Press (Barbell),,,0,warmup,66.14,20,,,
Afternoon workout ??,"22 Nov 2025, 12:33","22 Nov 2025, 14:00",,Seated Overhead Press (Barbell),,,1,warmup,110.23,8,,,
Afternoon workout ??,"22 Nov 2025, 12:33","22 Nov 2025, 14:00",,Seated Overhead Press (Barbell),,,2,warmup,154.32,5,,,
Afternoon workout ??,"22 Nov 2025, 12:33","22 Nov 2025, 14:00",,Seated Overhead Press (Barbell),,,3,normal,176.37,5,,,
Afternoon workout ??,"22 Nov 2025, 12:33","22 Nov 2025, 14:00",,Seated Overhead Press (Barbell),,,4,normal,176.37,5,,,
Afternoon workout ??,"22 Nov 2025, 12:33","22 Nov 2025, 14:00",,Seated Overhead Press (Barbell),,,5,normal,176.37,5,,,
Afternoon workout ??,"22 Nov 2025, 12:33","22 Nov 2025, 14:00",,Seated Overhead Press (Barbell),,,6,normal,176.37,7,,,
Afternoon workout ??,"22 Nov 2025, 12:33","22 Nov 2025, 14:00",,Bench Press - Close Grip (Barbell),,,0,warmup,44.09,20,,,
Afternoon workout ??,"22 Nov 2025, 12:33","22 Nov 2025, 14:00",,Bench Press - Close Grip (Barbell),,,1,warmup,110.23,13,,,
Afternoon workout ??,"22 Nov 2025, 12:33","22 Nov 2025, 14:00",,Bench Press - Close Grip (Barbell),,,2,normal,176.37,10,,,
Afternoon workout ??,"22 Nov 2025, 12:33","22 Nov 2025, 14:00",,Bench Press - Close Grip (Barbell),,,3,normal,176.37,10,,,
Afternoon workout ??,"22 Nov 2025, 12:33","22 Nov 2025, 14:00",,Bench Press - Close Grip (Barbell),,,4,normal,176.37,10,,,
Afternoon workout ??,"22 Nov 2025, 12:33","22 Nov 2025, 14:00",,Bench Press - Close Grip (Barbell),,,5,normal,176.37,11,,,
Afternoon workout ??,"22 Nov 2025, 12:33","22 Nov 2025, 14:00",,Overhead Press (Smith Machine),,,0,warmup,44.09,20,,,
Afternoon workout ??,"22 Nov 2025, 12:33","22 Nov 2025, 14:00",,Overhead Press (Smith Machine),,,1,normal,99.21,12,,,
Afternoon workout ??,"22 Nov 2025, 12:33","22 Nov 2025, 14:00",,Overhead Press (Smith Machine),,,2,normal,99.21,12,,,
Afternoon workout ??,"22 Nov 2025, 12:33","22 Nov 2025, 14:00",,Overhead Press (Smith Machine),,,3,normal,99.21,11,,,
Afternoon workout ??,"22 Nov 2025, 12:33","22 Nov 2025, 14:00",,Overhead Press (Smith Machine),,,4,normal,99.21,10,,,
Afternoon workout ??,"22 Nov 2025, 12:33","22 Nov 2025, 14:00",,Lateral Raise (Cable),,,0,normal,19.84,12,,,
Afternoon workout ??,"22 Nov 2025, 12:33","22 Nov 2025, 14:00",,Lateral Raise (Cable),,,1,normal,29.98,12,,,
Afternoon workout ??,"22 Nov 2025, 12:33","22 Nov 2025, 14:00",,Lateral Raise (Cable),,,2,normal,29.98,6,,,
Afternoon workout ??,"22 Nov 2025, 12:33","22 Nov 2025, 14:00",,Lateral Raise (Cable),,,3,normal,19.84,14,,,
Afternoon workout ??,"22 Nov 2025, 12:33","22 Nov 2025, 14:00",,Triceps Pushdown,,,0,normal,44.97,15,,,
Afternoon workout ??,"22 Nov 2025, 12:33","22 Nov 2025, 14:00",,Triceps Pushdown,,,1,normal,59.97,11,,,
Afternoon workout ??,"22 Nov 2025, 12:33","22 Nov 2025, 14:00",,Triceps Pushdown,,,2,normal,59.97,10,,,
Afternoon workout ??,"22 Nov 2025, 12:33","22 Nov 2025, 14:00",,Triceps Pushdown,,,3,normal,59.97,9,,,
"Morning workout ?€??,21 Nov 2025"," 08:26""","21 Nov 2025, 09:36",,Bent Over Row (Barbell),,,0,warmup,132.28,15,,,
"Morning workout ?€??,21 Nov 2025"," 08:26""","21 Nov 2025, 09:36",,Bent Over Row (Barbell),,,1,warmup,176.37,10,,,
"Morning workout ?€??,21 Nov 2025"," 08:26""","21 Nov 2025, 09:36",,Bent Over Row (Barbell),,,2,normal,220.46,11,,,
"Morning workout ?€??,21 Nov 2025"," 08:26""","21 Nov 2025, 09:36",,Bent Over Row (Barbell),,,3,normal,220.46,11,,,
"Morning workout ?€??,21 Nov 2025"," 08:26""","21 Nov 2025, 09:36",,Bent Over Row (Barbell),,,4,normal,220.46,10,,,
"Morning workout ?€??,21 Nov 2025"," 08:26""","21 Nov 2025, 09:36",,Bent Over Row (Barbell),,,5,normal,220.46,8,,,
"Morning workout ?€??,21 Nov 2025"," 08:26""","21 Nov 2025, 09:36",,Romanian Deadlift (Barbell),,,0,normal,242.51,10,,,
"Morning workout ?€??,21 Nov 2025"," 08:26""","21 Nov 2025, 09:36",,Romanian Deadlift (Barbell),,,1,normal,242.51,10,,,
"Morning workout ?€??,21 Nov 2025"," 08:26""","21 Nov 2025, 09:36",,Romanian Deadlift (Barbell),,,2,normal,242.51,10,,,
"Morning workout ?€??,21 Nov 2025"," 08:26""","21 Nov 2025, 09:36",,Romanian Deadlift (Barbell),,,3,normal,242.51,11,,,
"Morning workout ?€??,21 Nov 2025"," 08:26""","21 Nov 2025, 09:36",,Lat Pulldown (Cable),,,0,normal,154.32,10,,,
"Morning workout ?€??,21 Nov 2025"," 08:26""","21 Nov 2025, 09:36",,Lat Pulldown (Cable),,,1,normal,154.32,8,,,
"Morning workout ?€??,21 Nov 2025"," 08:26""","21 Nov 2025, 09:36",,Lat Pulldown (Cable),,,2,normal,154.32,7,,,
"Morning workout ?€??,21 Nov 2025"," 08:26""","21 Nov 2025, 09:36",,Lat Pulldown (Cable),,,3,normal,154.32,6,,,
"Morning workout ?€??,21 Nov 2025"," 08:26""","21 Nov 2025, 09:36",,Seated Cable Row - Bar Wide Grip,,,0,normal,154.32,11,,,
Afternoon workout ??,"20 Nov 2025, 12:25","20 Nov 2025, 13:19",,Squat (Smith Machine),,,0,warmup,44.09,10,,,
Afternoon workout ??,"20 Nov 2025, 12:25","20 Nov 2025, 13:19",,Squat (Smith Machine),,,1,warmup,132.28,10,,,
Afternoon workout ??,"20 Nov 2025, 12:25","20 Nov 2025, 13:19",,Squat (Smith Machine),,,2,warmup,220.46,5,,,
Afternoon workout ??,"20 Nov 2025, 12:25","20 Nov 2025, 13:19",,Squat (Smith Machine),,,3,normal,308.65,5,,,
Afternoon workout ??,"20 Nov 2025, 12:25","20 Nov 2025, 13:19",,Squat (Smith Machine),,,4,normal,308.65,5,,,
Afternoon workout ??,"20 Nov 2025, 12:25","20 Nov 2025, 13:19",,Squat (Smith Machine),,,5,normal,308.65,5,,,
Afternoon workout ??,"20 Nov 2025, 12:25","20 Nov 2025, 13:19",,Squat (Smith Machine),,,6,normal,308.65,7,,,
Afternoon workout ??,"20 Nov 2025, 12:25","20 Nov 2025, 13:19",,Overhead Triceps Extension (Cable),,,0,warmup,24.91,10,,,
Afternoon workout ??,"20 Nov 2025, 12:25","20 Nov 2025, 13:19",,Overhead Triceps Extension (Cable),,,1,warmup,35.05,10,,,
Afternoon workout ??,"20 Nov 2025, 12:25","20 Nov 2025, 13:19",,Overhead Triceps Extension (Cable),,,2,normal,44.97,10,,,
Afternoon workout ??,"20 Nov 2025, 12:25","20 Nov 2025, 13:19",,Overhead Triceps Extension (Cable),,,3,normal,50.04,9,,,
Afternoon workout ??,"20 Nov 2025, 12:25","20 Nov 2025, 13:19",,Overhead Triceps Extension (Cable),,,4,normal,50.04,8,,,
Afternoon workout ??,"20 Nov 2025, 12:25","20 Nov 2025, 13:19",,Overhead Triceps Extension (Cable),,,5,normal,50.04,8,,,
Afternoon workout ??,"20 Nov 2025, 12:25","20 Nov 2025, 13:19",,Chest Dip (Assisted),,,0,normal,39.68,12,,,
Afternoon workout ??,"20 Nov 2025, 12:25","20 Nov 2025, 13:19",,Chest Dip (Assisted),,,1,normal,30.86,12,,,
Afternoon workout ??,"20 Nov 2025, 12:25","20 Nov 2025, 13:19",,Chest Dip (Assisted),,,2,normal,19.84,9,,,
Push Day 1,"20 Nov 2025, 09:00","20 Nov 2025, 10:13",,Bench Press (Smith Machine),,,0,warmup,66.14,20,,,
Push Day 1,"20 Nov 2025, 09:00","20 Nov 2025, 10:13",,Bench Press (Smith Machine),,,1,warmup,110.23,15,,,
Push Day 1,"20 Nov 2025, 09:00","20 Nov 2025, 10:13",,Bench Press (Smith Machine),,,2,warmup,176.37,8,,,
Push Day 1,"20 Nov 2025, 09:00","20 Nov 2025, 10:13",,Bench Press (Smith Machine),,,3,warmup,242.51,3,,,
Push Day 1,"20 Nov 2025, 09:00","20 Nov 2025, 10:13",,Bench Press (Smith Machine),,,4,normal,253.53,9,,,
Push Day 1,"20 Nov 2025, 09:00","20 Nov 2025, 10:13",,Bench Press (Smith Machine),,,5,normal,253.53,6,,,
Push Day 1,"20 Nov 2025, 09:00","20 Nov 2025, 10:13",,Bench Press (Smith Machine),,,6,normal,253.53,5,,,
Push Day 1,"20 Nov 2025, 09:00","20 Nov 2025, 10:13",,Bench Press (Smith Machine),,,7,normal,242.51,10,,,
Push Day 1,"20 Nov 2025, 09:00","20 Nov 2025, 10:13",,Bench Press (Smith Machine),,,8,normal,242.51,8,,,
Push Day 1,"20 Nov 2025, 09:00","20 Nov 2025, 10:13",,Incline Bench Press (Smith Machine),,,0,warmup,44.09,20,,,
Push Day 1,"20 Nov 2025, 09:00","20 Nov 2025, 10:13",,Incline Bench Press (Smith Machine),,,1,warmup,110.23,10,,,
Push Day 1,"20 Nov 2025, 09:00","20 Nov 2025, 10:13",,Incline Bench Press (Smith Machine),,,2,normal,176.37,12,,,
Push Day 1,"20 Nov 2025, 09:00","20 Nov 2025, 10:13",,Incline Bench Press (Smith Machine),,,3,normal,187.39,7,,,9.5
Push Day 1,"20 Nov 2025, 09:00","20 Nov 2025, 10:13",,Incline Bench Press (Smith Machine),,,4,normal,176.37,9,,,9
Push Day 1,"20 Nov 2025, 09:00","20 Nov 2025, 10:13",,Incline Bench Press (Smith Machine),,,5,normal,176.37,8,,,9
"Morning workout ?€??,19 Nov 2025"," 12:11""","19 Nov 2025, 12:53",,Overhead Press (Smith Machine),,,0,warmup,44.09,12,,,
"Morning workout ?€??,19 Nov 2025"," 12:11""","19 Nov 2025, 12:53",,Overhead Press (Smith Machine),,,1,warmup,66.14,8,,,
"Morning workout ?€??,19 Nov 2025"," 12:11""","19 Nov 2025, 12:53",,Overhead Press (Smith Machine),,,2,normal,99.21,12,,,
"Morning workout ?€??,19 Nov 2025"," 12:11""","19 Nov 2025, 12:53",,Overhead Press (Smith Machine),,,3,normal,99.21,12,,,
"Morning workout ?€??,19 Nov 2025"," 12:11""","19 Nov 2025, 12:53",,Overhead Press (Smith Machine),,,4,normal,99.21,11,,,
"Morning workout ?€??,19 Nov 2025"," 12:11""","19 Nov 2025, 12:53",,Overhead Press (Smith Machine),,,5,normal,99.21,9,,,
"Morning workout ?€??,19 Nov 2025"," 12:11""","19 Nov 2025, 12:53",,Lateral Raise (Cable),,,0,normal,19.84,10,,,
"Morning workout ?€??,19 Nov 2025"," 12:11""","19 Nov 2025, 12:53",,Lateral Raise (Cable),,,1,normal,19.84,12,,,
"Morning workout ?€??,19 Nov 2025"," 12:11""","19 Nov 2025, 12:53",,Lateral Raise (Cable),,,2,normal,29.98,8,,,
"Morning workout ?€??,19 Nov 2025"," 12:11""","19 Nov 2025, 12:53",,Lateral Raise (Cable),,,3,normal,19.84,10,,,
"Morning workout ?€??,19 Nov 2025"," 12:11""","19 Nov 2025, 12:53",,Face Pull,,,0,normal,29.98,15,,,
"Morning workout ?€??,19 Nov 2025"," 12:11""","19 Nov 2025, 12:53",,Face Pull,,,1,normal,44.97,10,,,
Leg Day 1,"19 Nov 2025, 09:03","19 Nov 2025, 10:14",,Sumo Deadlift,,,0,warmup,132.28,5,,,
Leg Day 1,"19 Nov 2025, 09:03","19 Nov 2025, 10:14",,Sumo Deadlift,,,1,warmup,220.46,5,,,
Leg Day 1,"19 Nov 2025, 09:03","19 Nov 2025, 10:14",,Sumo Deadlift,,,2,warmup,286.6,5,,,
Leg Day 1,"19 Nov 2025, 09:03","19 Nov 2025, 10:14",,Sumo Deadlift,,,3,normal,325.18,5,,,
Leg Day 1,"19 Nov 2025, 09:03","19 Nov 2025, 10:14",,Sumo Deadlift,,,4,normal,325.18,5,,,
Leg Day 1,"19 Nov 2025, 09:03","19 Nov 2025, 10:14",,Sumo Deadlift,,,5,normal,325.18,5,,,
Leg Day 1,"19 Nov 2025, 09:03","19 Nov 2025, 10:14",,Sumo Deadlift,,,6,normal,325.18,6,,,
Leg Day 1,"19 Nov 2025, 09:03","19 Nov 2025, 10:14",,Seated Leg Curl (Machine),,,0,normal,169.76,10,,,
Leg Day 1,"19 Nov 2025, 09:03","19 Nov 2025, 10:14",,Seated Leg Curl (Machine),,,1,normal,169.76,10,,,
Leg Day 1,"19 Nov 2025, 09:03","19 Nov 2025, 10:14",,Seated Leg Curl (Machine),,,2,normal,169.76,10,,,
Leg Day 1,"19 Nov 2025, 09:03","19 Nov 2025, 10:14",,Seated Leg Curl (Machine),,,3,normal,169.76,10,,,
Leg Day 1,"19 Nov 2025, 09:03","19 Nov 2025, 10:14",,Reverse Crunch,,,0,normal,,11,,,
Leg Day 1,"19 Nov 2025, 09:03","19 Nov 2025, 10:14",,Reverse Crunch,,,1,normal,,9,,,
Leg Day 1,"19 Nov 2025, 09:03","19 Nov 2025, 10:14",,Reverse Crunch,,,2,normal,,7,,,
Leg Day 1,"19 Nov 2025, 09:03","19 Nov 2025, 10:14",,Reverse Crunch,,,3,normal,,7,,,
"Evening workout ????,18 Nov 2025"," 19:00""","18 Nov 2025, 19:46",,Seated Overhead Press (Barbell),,,0,warmup,88.18,20,,,
"Evening workout ????,18 Nov 2025"," 19:00""","18 Nov 2025, 19:46",,Seated Overhead Press (Barbell),,,1,warmup,110.23,13,,,
"Evening workout ????,18 Nov 2025"," 19:00""","18 Nov 2025, 19:46",,Seated Overhead Press (Barbell),,,2,warmup,132.28,8,,,
"Evening workout ????,18 Nov 2025"," 19:00""","18 Nov 2025, 19:46",,Seated Overhead Press (Barbell),,,3,warmup,154.32,5,,,
"Evening workout ????,18 Nov 2025"," 19:00""","18 Nov 2025, 19:46",,Seated Overhead Press (Barbell),,,4,normal,176.37,5,,,
"Evening workout ????,18 Nov 2025"," 19:00""","18 Nov 2025, 19:46",,Seated Overhead Press (Barbell),,,5,normal,176.37,5,,,
"Evening workout ????,18 Nov 2025"," 19:00""","18 Nov 2025, 19:46",,Seated Overhead Press (Barbell),,,6,normal,176.37,5,,,
"Evening workout ????,18 Nov 2025"," 19:00""","18 Nov 2025, 19:46",,Seated Overhead Press (Barbell),,,7,normal,176.37,6,,,
"Evening workout ????,18 Nov 2025"," 19:00""","18 Nov 2025, 19:46",,Seated Overhead Press (Barbell),,,8,normal,176.37,5,,,
"Evening workout ????,18 Nov 2025"," 19:00""","18 Nov 2025, 19:46",,Bench Press - Close Grip (Barbell),,,0,warmup,110.23,20,,,
"Evening workout ????,18 Nov 2025"," 19:00""","18 Nov 2025, 19:46",,Bench Press - Close Grip (Barbell),,,1,normal,176.37,10,,,
"Evening workout ????,18 Nov 2025"," 19:00""","18 Nov 2025, 19:46",,Bench Press - Close Grip (Barbell),,,2,normal,176.37,10,,,
"Evening workout ????,18 Nov 2025"," 19:00""","18 Nov 2025, 19:46",,Bench Press - Close Grip (Barbell),,,3,normal,176.37,10,,,
Pull Day 1,"18 Nov 2025, 08:28","18 Nov 2025, 09:39",,Bent Over Row (Barbell),,,0,warmup,44.09,15,,,
Pull Day 1,"18 Nov 2025, 08:28","18 Nov 2025, 09:39",,Bent Over Row (Barbell),,,1,warmup,132.28,10,,,
Pull Day 1,"18 Nov 2025, 08:28","18 Nov 2025, 09:39",,Bent Over Row (Barbell),,,2,warmup,176.37,5,,,
Pull Day 1,"18 Nov 2025, 08:28","18 Nov 2025, 09:39",,Bent Over Row (Barbell),,,3,normal,198.42,8,,,
Pull Day 1,"18 Nov 2025, 08:28","18 Nov 2025, 09:39",,Bent Over Row (Barbell),,,4,normal,198.42,8,,,
Pull Day 1,"18 Nov 2025, 08:28","18 Nov 2025, 09:39",,Bent Over Row (Barbell),,,5,normal,198.42,8,,,
Pull Day 1,"18 Nov 2025, 08:28","18 Nov 2025, 09:39",,Bent Over Row (Barbell),,,6,normal,198.42,12,,,
Pull Day 1,"18 Nov 2025, 08:28","18 Nov 2025, 09:39",,Seated Cable Row - Bar Wide Grip,,,0,warmup,130.07,12,,,
Pull Day 1,"18 Nov 2025, 08:28","18 Nov 2025, 09:39",,Seated Cable Row - Bar Wide Grip,,,1,normal,149.91,12,,,
Pull Day 1,"18 Nov 2025, 08:28","18 Nov 2025, 09:39",,Seated Cable Row - Bar Wide Grip,,,2,normal,149.91,12,,,
Pull Day 1,"18 Nov 2025, 08:28","18 Nov 2025, 09:39",,Seated Cable Row - Bar Wide Grip,,,3,normal,149.91,12,,,
Pull Day 1,"18 Nov 2025, 08:28","18 Nov 2025, 09:39",,Seated Cable Row - Bar Wide Grip,,,4,normal,149.91,11,,,
Pull Day 1,"18 Nov 2025, 08:28","18 Nov 2025, 09:39",,Face Pull,,,0,normal,44.97,17,,,
Pull Day 1,"18 Nov 2025, 08:28","18 Nov 2025, 09:39",,Face Pull,,,1,normal,44.97,13,,,
Pull Day 1,"18 Nov 2025, 08:28","18 Nov 2025, 09:39",,Face Pull,,,2,normal,44.97,12,,,
Pull Day 1,"18 Nov 2025, 08:28","18 Nov 2025, 09:39",,Face Pull,,,3,normal,44.97,13,,,
Pull Day 1,"18 Nov 2025, 08:28","18 Nov 2025, 09:39",,Behind the Back Curl (Cable),,,0,normal,59.97,9,,,
Pull Day 1,"18 Nov 2025, 08:28","18 Nov 2025, 09:39",,Behind the Back Curl (Cable),,,1,normal,59.97,9,,,
Pull Day 1,"18 Nov 2025, 08:28","18 Nov 2025, 09:39",,Behind the Back Curl (Cable),,,2,normal,59.97,7,,,
Pull Day 1,"18 Nov 2025, 08:28","18 Nov 2025, 09:39",,Behind the Back Curl (Cable),,,3,normal,59.97,5,,,
Leg Day 2,"17 Nov 2025, 08:30","17 Nov 2025, 09:29",,Leg Press (Machine),,,0,warmup,343.26,10,,,
Leg Day 2,"17 Nov 2025, 08:30","17 Nov 2025, 09:29",,Leg Press (Machine),,,1,warmup,497.58,10,,,
Leg Day 2,"17 Nov 2025, 08:30","17 Nov 2025, 09:29",,Leg Press (Machine),,,2,warmup,629.86,5,,,
Leg Day 2,"17 Nov 2025, 08:30","17 Nov 2025, 09:29",,Leg Press (Machine),,,3,normal,740.09,8,,,
Leg Day 2,"17 Nov 2025, 08:30","17 Nov 2025, 09:29",,Leg Press (Machine),,,4,normal,806.23,8,,,
Leg Day 2,"17 Nov 2025, 08:30","17 Nov 2025, 09:29",,Leg Press (Machine),,,5,normal,806.23,8,,,
Leg Day 2,"17 Nov 2025, 08:30","17 Nov 2025, 09:29",,Leg Press (Machine),,,6,normal,806.23,8,,,
Leg Day 2,"17 Nov 2025, 08:30","17 Nov 2025, 09:29",,Leg Extension (Machine),,,0,normal,154.32,12,,,
Leg Day 2,"17 Nov 2025, 08:30","17 Nov 2025, 09:29",,Leg Extension (Machine),,,1,normal,169.76,12,,,
Leg Day 2,"17 Nov 2025, 08:30","17 Nov 2025, 09:29",,Leg Extension (Machine),,,2,normal,169.76,12,,,
Leg Day 2,"17 Nov 2025, 08:30","17 Nov 2025, 09:29",,Leg Extension (Machine),,,3,normal,169.76,12,,,
Leg Day 2,"17 Nov 2025, 08:30","17 Nov 2025, 09:29",,Reverse Crunch,,,0,normal,,16,,,
Leg Day 2,"17 Nov 2025, 08:30","17 Nov 2025, 09:29",,Reverse Crunch,,,1,normal,,10,,,
Leg Day 2,"17 Nov 2025, 08:30","17 Nov 2025, 09:29",,Reverse Crunch,,,2,normal,,6,,,
Leg Day 2,"17 Nov 2025, 08:30","17 Nov 2025, 09:29",,Reverse Crunch,,,3,normal,,6,,,
Pull Day 2,"16 Nov 2025, 10:11","16 Nov 2025, 10:51",,Pull Up (Assisted),,,0,normal,59.52,12,,,
Pull Day 2,"16 Nov 2025, 10:11","16 Nov 2025, 10:51",,Pull Up (Assisted),,,1,normal,39.68,12,,,
Pull Day 2,"16 Nov 2025, 10:11","16 Nov 2025, 10:51",,Pull Up (Assisted),,,2,normal,30.86,12,,,
Pull Day 2,"16 Nov 2025, 10:11","16 Nov 2025, 10:51",,Pull Up (Assisted),,,3,normal,30.86,6,,,
Pull Day 2,"16 Nov 2025, 10:11","16 Nov 2025, 10:51",,Pull Up (Assisted),,,4,normal,30.86,8,,,
Pull Day 2,"16 Nov 2025, 10:11","16 Nov 2025, 10:51",,Straight Arm Lat Pulldown (Cable),,,0,normal,50.04,12,,,
Pull Day 2,"16 Nov 2025, 10:11","16 Nov 2025, 10:51",,Straight Arm Lat Pulldown (Cable),,,1,normal,59.97,12,,,
Pull Day 2,"16 Nov 2025, 10:11","16 Nov 2025, 10:51",,Straight Arm Lat Pulldown (Cable),,,2,normal,50.04,11,,,
Pull Day 2,"16 Nov 2025, 10:11","16 Nov 2025, 10:51",,Straight Arm Lat Pulldown (Cable),,,3,normal,50.04,11,,,
Pull Day 2,"16 Nov 2025, 10:11","16 Nov 2025, 10:51",,Rear Delt Reverse Fly (Machine),,,0,normal,130.07,10,,,
Pull Day 2,"16 Nov 2025, 10:11","16 Nov 2025, 10:51",,Rear Delt Reverse Fly (Machine),,,1,normal,130.07,9,,,
Pull Day 2,"16 Nov 2025, 10:11","16 Nov 2025, 10:51",,Rear Delt Reverse Fly (Machine),,,2,normal,130.07,9,,,
Pull Day 2,"16 Nov 2025, 10:11","16 Nov 2025, 10:51",,Rear Delt Reverse Fly (Machine),,,3,normal,130.07,7,,,
Afternoon workout ??,"15 Nov 2025, 12:37","15 Nov 2025, 14:13",,Seated Overhead Press (Barbell),,,0,warmup,44.09,20,,,
Afternoon workout ??,"15 Nov 2025, 12:37","15 Nov 2025, 14:13",,Seated Overhead Press (Barbell),,,1,warmup,110.23,10,,,
Afternoon workout ??,"15 Nov 2025, 12:37","15 Nov 2025, 14:13",,Seated Overhead Press (Barbell),,,2,warmup,132.28,5,,,
Afternoon workout ??,"15 Nov 2025, 12:37","15 Nov 2025, 14:13",,Seated Overhead Press (Barbell),,,3,warmup,154.32,5,,,
Afternoon workout ??,"15 Nov 2025, 12:37","15 Nov 2025, 14:13",,Seated Overhead Press (Barbell),,,4,normal,176.37,5,,,
Afternoon workout ??,"15 Nov 2025, 12:37","15 Nov 2025, 14:13",,Seated Overhead Press (Barbell),,,5,normal,176.37,5,,,
Afternoon workout ??,"15 Nov 2025, 12:37","15 Nov 2025, 14:13",,Seated Overhead Press (Barbell),,,6,normal,176.37,5,,,
Afternoon workout ??,"15 Nov 2025, 12:37","15 Nov 2025, 14:13",,Seated Overhead Press (Barbell),,,7,normal,176.37,6,,,
Afternoon workout ??,"15 Nov 2025, 12:37","15 Nov 2025, 14:13",,Bench Press - Close Grip (Barbell),,,0,warmup,44.09,20,,,
Afternoon workout ??,"15 Nov 2025, 12:37","15 Nov 2025, 14:13",,Bench Press - Close Grip (Barbell),,,1,warmup,88.18,13,,,
Afternoon workout ??,"15 Nov 2025, 12:37","15 Nov 2025, 14:13",,Bench Press - Close Grip (Barbell),,,2,warmup,132.28,10,,,
Afternoon workout ??,"15 Nov 2025, 12:37","15 Nov 2025, 14:13",,Bench Press - Close Grip (Barbell),,,3,normal,154.32,12,,,
Afternoon workout ??,"15 Nov 2025, 12:37","15 Nov 2025, 14:13",,Bench Press - Close Grip (Barbell),,,4,normal,176.37,10,,,
Afternoon workout ??,"15 Nov 2025, 12:37","15 Nov 2025, 14:13",,Bench Press - Close Grip (Barbell),,,5,normal,176.37,8,,,
Afternoon workout ??,"15 Nov 2025, 12:37","15 Nov 2025, 14:13",,Overhead Press (Smith Machine),,,0,warmup,44.09,12,,,
Afternoon workout ??,"15 Nov 2025, 12:37","15 Nov 2025, 14:13",,Overhead Press (Smith Machine),,,1,warmup,66.14,12,,,
Afternoon workout ??,"15 Nov 2025, 12:37","15 Nov 2025, 14:13",,Overhead Press (Smith Machine),,,2,normal,88.18,12,,,
Afternoon workout ??,"15 Nov 2025, 12:37","15 Nov 2025, 14:13",,Overhead Press (Smith Machine),,,3,normal,99.21,10,,,
Afternoon workout ??,"15 Nov 2025, 12:37","15 Nov 2025, 14:13",,Overhead Press (Smith Machine),,,4,normal,99.21,9,,,
Afternoon workout ??,"15 Nov 2025, 12:37","15 Nov 2025, 14:13",,Overhead Press (Smith Machine),,,5,normal,99.21,8,,,
Afternoon workout ??,"15 Nov 2025, 12:37","15 Nov 2025, 14:13",,Seated Lateral Raise (Dumbbell),,,0,normal,22.05,20,,,
Afternoon workout ??,"15 Nov 2025, 12:37","15 Nov 2025, 14:13",,Seated Lateral Raise (Dumbbell),,,1,normal,35.27,10,,,
Afternoon workout ??,"15 Nov 2025, 12:37","15 Nov 2025, 14:13",,Seated Lateral Raise (Dumbbell),,,2,normal,35.27,9,,,
Afternoon workout ??,"15 Nov 2025, 12:37","15 Nov 2025, 14:13",,Seated Lateral Raise (Dumbbell),,,3,normal,35.27,16,,,
Afternoon workout ??,"15 Nov 2025, 12:37","15 Nov 2025, 14:13",,Triceps Rope Pushdown,,,0,normal,50.04,15,,,
Afternoon workout ??,"15 Nov 2025, 12:37","15 Nov 2025, 14:13",,Triceps Rope Pushdown,,,1,normal,59.97,12,,,
Afternoon workout ??,"15 Nov 2025, 12:37","15 Nov 2025, 14:13",,Triceps Rope Pushdown,,,2,normal,65.04,11,,,
Afternoon workout ??,"15 Nov 2025, 12:37","15 Nov 2025, 14:13",,Triceps Rope Pushdown,,,3,normal,65.04,8,,,
Leg Day 1,"15 Nov 2025, 08:54","15 Nov 2025, 09:54",,Sumo Deadlift,,,0,warmup,132.28,10,,,
Leg Day 1,"15 Nov 2025, 08:54","15 Nov 2025, 09:54",,Sumo Deadlift,,,1,warmup,220.46,5,,,
Leg Day 1,"15 Nov 2025, 08:54","15 Nov 2025, 09:54",,Sumo Deadlift,,,2,warmup,286.6,3,,,
Leg Day 1,"15 Nov 2025, 08:54","15 Nov 2025, 09:54",,Sumo Deadlift,,,3,normal,319.67,5,,,
Leg Day 1,"15 Nov 2025, 08:54","15 Nov 2025, 09:54",,Sumo Deadlift,,,4,normal,319.67,5,,,
Leg Day 1,"15 Nov 2025, 08:54","15 Nov 2025, 09:54",,Sumo Deadlift,,,5,normal,319.67,5,,,
Leg Day 1,"15 Nov 2025, 08:54","15 Nov 2025, 09:54",,Sumo Deadlift,,,6,normal,319.67,7,,,
Leg Day 1,"15 Nov 2025, 08:54","15 Nov 2025, 09:54",,Seated Leg Curl (Machine),,,0,normal,125.66,15,,,
Leg Day 1,"15 Nov 2025, 08:54","15 Nov 2025, 09:54",,Seated Leg Curl (Machine),,,1,normal,169.76,9,,,
Leg Day 1,"15 Nov 2025, 08:54","15 Nov 2025, 09:54",,Seated Leg Curl (Machine),,,2,normal,169.76,9,,,
Leg Day 1,"15 Nov 2025, 08:54","15 Nov 2025, 09:54",,Seated Leg Curl (Machine),,,3,normal,169.76,8,,,
Afternoon workout ??,"14 Nov 2025, 13:34","14 Nov 2025, 14:15",,Lat Pulldown (Cable),,,0,normal,138.89,13,,,
Afternoon workout ??,"14 Nov 2025, 13:34","14 Nov 2025, 14:15",,Lat Pulldown (Cable),,,1,normal,138.89,11,,,
Afternoon workout ??,"14 Nov 2025, 13:34","14 Nov 2025, 14:15",,Lat Pulldown (Cable),,,2,normal,138.89,8,,,
Afternoon workout ??,"14 Nov 2025, 13:34","14 Nov 2025, 14:15",,Lat Pulldown (Cable),,,3,normal,138.89,7,,,
Afternoon workout ??,"14 Nov 2025, 13:34","14 Nov 2025, 14:15",,Seated Cable Row - Bar Wide Grip,,,0,normal,154.32,8,,,
Afternoon workout ??,"14 Nov 2025, 13:34","14 Nov 2025, 14:15",,Seated Cable Row - Bar Wide Grip,,,1,normal,138.89,10,,,
Afternoon workout ??,"14 Nov 2025, 13:34","14 Nov 2025, 14:15",,Seated Cable Row - Bar Wide Grip,,,2,normal,138.89,9,,,
Afternoon workout ??,"14 Nov 2025, 13:34","14 Nov 2025, 14:15",,Seated Cable Row - Bar Wide Grip,,,3,normal,138.89,9,,,
Afternoon workout ??,"14 Nov 2025, 13:34","14 Nov 2025, 14:15",,Straight Arm Lat Pulldown (Cable),,,0,normal,44.97,12,,,
Afternoon workout ??,"14 Nov 2025, 13:34","14 Nov 2025, 14:15",,Straight Arm Lat Pulldown (Cable),,,1,normal,59.97,6,,,
Afternoon workout ??,"14 Nov 2025, 13:34","14 Nov 2025, 14:15",,Straight Arm Lat Pulldown (Cable),,,2,normal,50.04,8,,,
Afternoon workout ??,"14 Nov 2025, 13:34","14 Nov 2025, 14:15",,Straight Arm Lat Pulldown (Cable),,,3,normal,50.04,7,,,
Afternoon workout ??,"14 Nov 2025, 13:34","14 Nov 2025, 14:15",,Behind the Back Curl (Cable),,,0,normal,40.12,12,,,
Afternoon workout ??,"14 Nov 2025, 13:34","14 Nov 2025, 14:15",,Behind the Back Curl (Cable),,,1,normal,49.82,10,,,
Afternoon workout ??,"14 Nov 2025, 13:34","14 Nov 2025, 14:15",,Behind the Back Curl (Cable),,,2,normal,49.82,8,,,
Afternoon workout ??,"14 Nov 2025, 13:34","14 Nov 2025, 14:15",,Behind the Back Curl (Cable),,,3,normal,49.82,7,,,
"Morning workout ?€??,14 Nov 2025"," 10:26""","14 Nov 2025, 10:34",,Triceps Rope Pushdown,,,0,normal,54.9,15,,,
"Morning workout ?€??,14 Nov 2025"," 10:26""","14 Nov 2025, 10:34",,Triceps Rope Pushdown,,,1,normal,64.6,10,,,
"Morning workout ?€??,14 Nov 2025"," 10:26""","14 Nov 2025, 10:34",,Triceps Rope Pushdown,,,2,normal,64.6,8,,,
"Morning workout ?€??,14 Nov 2025"," 10:26""","14 Nov 2025, 10:34",,Triceps Rope Pushdown,,,3,normal,64.6,6,,,
Push Day 1,"14 Nov 2025, 09:54","14 Nov 2025, 10:24",,Bench Press (Smith Machine),,,0,warmup,44.09,30,,,
Push Day 1,"14 Nov 2025, 09:54","14 Nov 2025, 10:24",,Bench Press (Smith Machine),,,1,warmup,132.28,15,,,
Push Day 1,"14 Nov 2025, 09:54","14 Nov 2025, 10:24",,Bench Press (Smith Machine),,,2,warmup,198.42,8,,,
Push Day 1,"14 Nov 2025, 09:54","14 Nov 2025, 10:24",,Bench Press (Smith Machine),,,3,warmup,242.51,3,,,
Push Day 1,"14 Nov 2025, 09:54","14 Nov 2025, 10:24",,Bench Press (Smith Machine),,,4,normal,281.09,5,,,
Push Day 1,"14 Nov 2025, 09:54","14 Nov 2025, 10:24",,Bench Press (Smith Machine),,,5,normal,281.09,4,,,
Push Day 1,"14 Nov 2025, 09:54","14 Nov 2025, 10:24",,Bench Press (Smith Machine),,,6,normal,198.42,13,,,
Push Day 1,"14 Nov 2025, 09:54","14 Nov 2025, 10:24",,Bench Press (Smith Machine),,,7,normal,220.46,8,,,
Push Day 2,"13 Nov 2025, 09:21","13 Nov 2025, 10:07",,Overhead Press (Smith Machine),,,0,warmup,44.09,20,,,
Push Day 2,"13 Nov 2025, 09:21","13 Nov 2025, 10:07",,Overhead Press (Smith Machine),,,1,warmup,88.18,5,,,
Push Day 2,"13 Nov 2025, 09:21","13 Nov 2025, 10:07",,Overhead Press (Smith Machine),,,2,warmup,132.28,3,,,
Push Day 2,"13 Nov 2025, 09:21","13 Nov 2025, 10:07",,Overhead Press (Smith Machine),,,3,normal,148.81,5,,,
Push Day 2,"13 Nov 2025, 09:21","13 Nov 2025, 10:07",,Overhead Press (Smith Machine),,,4,normal,132.28,5,,,
Push Day 2,"13 Nov 2025, 09:21","13 Nov 2025, 10:07",,Overhead Press (Smith Machine),,,5,normal,132.28,5,,,
Push Day 2,"13 Nov 2025, 09:21","13 Nov 2025, 10:07",,Overhead Press (Smith Machine),,,6,normal,132.28,5,,,
Push Day 2,"13 Nov 2025, 09:21","13 Nov 2025, 10:07",,Seated Lateral Raise (Dumbbell),,,0,normal,44.09,12,,,
Push Day 2,"13 Nov 2025, 09:21","13 Nov 2025, 10:07",,Seated Lateral Raise (Dumbbell),,,1,normal,44.09,11,,,
Push Day 2,"13 Nov 2025, 09:21","13 Nov 2025, 10:07",,Seated Lateral Raise (Dumbbell),,,2,normal,44.09,8,,,
Push Day 2,"13 Nov 2025, 09:21","13 Nov 2025, 10:07",,Seated Lateral Raise (Dumbbell),,,3,normal,44.09,10,,,
Push Day 2,"13 Nov 2025, 09:21","13 Nov 2025, 10:07",,Face Pull,,,0,normal,14.99,13,,,
Push Day 2,"13 Nov 2025, 09:21","13 Nov 2025, 10:07",,Face Pull,,,1,normal,20.06,11,,,
Push Day 2,"13 Nov 2025, 09:21","13 Nov 2025, 10:07",,Face Pull,,,2,normal,29.98,13,,,
Push Day 2,"13 Nov 2025, 09:21","13 Nov 2025, 10:07",,Face Pull,,,3,normal,39.9,9,,,
Push Day 1,"11 Nov 2025, 09:02","11 Nov 2025, 10:07",,Bench Press (Smith Machine),,,0,warmup,44.09,20,,,
Push Day 1,"11 Nov 2025, 09:02","11 Nov 2025, 10:07",,Bench Press (Smith Machine),,,1,warmup,132.28,10,,,
Push Day 1,"11 Nov 2025, 09:02","11 Nov 2025, 10:07",,Bench Press (Smith Machine),,,2,warmup,198.42,5,,,
Push Day 1,"11 Nov 2025, 09:02","11 Nov 2025, 10:07",,Bench Press (Smith Machine),,,3,warmup,242.51,3,,,
Push Day 1,"11 Nov 2025, 09:02","11 Nov 2025, 10:07",,Bench Press (Smith Machine),,,4,normal,281.09,5,,,
Push Day 1,"11 Nov 2025, 09:02","11 Nov 2025, 10:07",,Bench Press (Smith Machine),,,5,normal,281.09,5,,,
Push Day 1,"11 Nov 2025, 09:02","11 Nov 2025, 10:07",,Bench Press (Smith Machine),,,6,normal,281.09,5,,,
Push Day 1,"11 Nov 2025, 09:02","11 Nov 2025, 10:07",,Bench Press (Smith Machine),,,7,normal,281.09,4,,,
Push Day 1,"11 Nov 2025, 09:02","11 Nov 2025, 10:07",,Incline Bench Press (Smith Machine),,,0,warmup,44.09,20,,,
Push Day 1,"11 Nov 2025, 09:02","11 Nov 2025, 10:07",,Incline Bench Press (Smith Machine),,,1,warmup,132.28,10,,,
Push Day 1,"11 Nov 2025, 09:02","11 Nov 2025, 10:07",,Incline Bench Press (Smith Machine),,,2,normal,198.42,5,,,
Push Day 1,"11 Nov 2025, 09:02","11 Nov 2025, 10:07",,Incline Bench Press (Smith Machine),,,3,normal,154.32,12,,,
Push Day 1,"11 Nov 2025, 09:02","11 Nov 2025, 10:07",,Incline Bench Press (Smith Machine),,,4,normal,176.37,12,,,
Push Day 1,"11 Nov 2025, 09:02","11 Nov 2025, 10:07",,Incline Bench Press (Smith Machine),,,5,normal,176.37,10,,,
Push Day 1,"11 Nov 2025, 09:02","11 Nov 2025, 10:07",,Overhead Triceps Extension (Cable),,,0,normal,44.97,13,,,
Push Day 1,"11 Nov 2025, 09:02","11 Nov 2025, 10:07",,Overhead Triceps Extension (Cable),,,1,normal,50.04,11,,,
Push Day 1,"11 Nov 2025, 09:02","11 Nov 2025, 10:07",,Overhead Triceps Extension (Cable),,,2,normal,50.04,9,,,
Push Day 1,"11 Nov 2025, 09:02","11 Nov 2025, 10:07",,Overhead Triceps Extension (Cable),,,3,normal,50.04,9,,,
Pull Day 1,"10 Nov 2025, 08:02","10 Nov 2025, 09:29",,Bent Over Row (Barbell),,,0,warmup,132.28,10,,,
Pull Day 1,"10 Nov 2025, 08:02","10 Nov 2025, 09:29",,Bent Over Row (Barbell),,,1,warmup,176.37,8,,,
Pull Day 1,"10 Nov 2025, 08:02","10 Nov 2025, 09:29",,Bent Over Row (Barbell),,,2,normal,198.42,8,,,
Pull Day 1,"10 Nov 2025, 08:02","10 Nov 2025, 09:29",,Bent Over Row (Barbell),,,3,normal,198.42,8,,,
Pull Day 1,"10 Nov 2025, 08:02","10 Nov 2025, 09:29",,Bent Over Row (Barbell),,,4,normal,198.42,8,,,
Pull Day 1,"10 Nov 2025, 08:02","10 Nov 2025, 09:29",,Bent Over Row (Barbell),,,5,normal,176.37,6,,,
Pull Day 1,"10 Nov 2025, 08:02","10 Nov 2025, 09:29",,Seated Cable Row - Bar Wide Grip,,,0,warmup,74.96,20,,,
Pull Day 1,"10 Nov 2025, 08:02","10 Nov 2025, 09:29",,Seated Cable Row - Bar Wide Grip,,,1,warmup,119.93,12,,,
Pull Day 1,"10 Nov 2025, 08:02","10 Nov 2025, 09:29",,Seated Cable Row - Bar Wide Grip,,,2,normal,149.91,8,,,
Pull Day 1,"10 Nov 2025, 08:02","10 Nov 2025, 09:29",,Seated Cable Row - Bar Wide Grip,,,3,normal,149.91,9,,,
Pull Day 1,"10 Nov 2025, 08:02","10 Nov 2025, 09:29",,Seated Cable Row - Bar Wide Grip,,,4,normal,149.91,10,,,
Pull Day 1,"10 Nov 2025, 08:02","10 Nov 2025, 09:29",,Seated Cable Row - Bar Wide Grip,,,5,normal,149.91,7,,,
Pull Day 1,"10 Nov 2025, 08:02","10 Nov 2025, 09:29",,Face Pull,,,0,normal,44.97,12,,,
Pull Day 1,"10 Nov 2025, 08:02","10 Nov 2025, 09:29",,Face Pull,,,1,normal,44.97,12,,,
Pull Day 1,"10 Nov 2025, 08:02","10 Nov 2025, 09:29",,Face Pull,,,2,normal,44.97,12,,,
Pull Day 1,"10 Nov 2025, 08:02","10 Nov 2025, 09:29",,Face Pull,,,3,normal,44.97,10,,,
Pull Day 1,"10 Nov 2025, 08:02","10 Nov 2025, 09:29",,Behind the Back Curl (Cable),,,0,normal,59.97,9,,,
Pull Day 1,"10 Nov 2025, 08:02","10 Nov 2025, 09:29",,Behind the Back Curl (Cable),,,1,normal,59.97,9,,,
Pull Day 1,"10 Nov 2025, 08:02","10 Nov 2025, 09:29",,Behind the Back Curl (Cable),,,2,normal,59.97,6,,,
Pull Day 1,"10 Nov 2025, 08:02","10 Nov 2025, 09:29",,Behind the Back Curl (Cable),,,3,normal,49.82,8,,,
Pull Day 1,"10 Nov 2025, 08:02","10 Nov 2025, 09:29",,Lat Pulldown (Cable),,,0,normal,125.66,12,,,
Pull Day 1,"10 Nov 2025, 08:02","10 Nov 2025, 09:29",,Lat Pulldown (Cable),,,1,normal,125.66,11,,,
Pull Day 1,"10 Nov 2025, 08:02","10 Nov 2025, 09:29",,Lat Pulldown (Cable),,,2,normal,125.66,8,,,
Pull Day 1,"10 Nov 2025, 08:02","10 Nov 2025, 09:29",,Lat Pulldown (Cable),,,3,normal,125.66,8,,,
"Evening workout ????,8 Nov 2025"," 18:24""","8 Nov 2025, 19:54",,Leg Press (Machine),,,0,warmup,176.37,10,,,
"Evening workout ????,8 Nov 2025"," 18:24""","8 Nov 2025, 19:54",,Leg Press (Machine),,,1,warmup,352.74,10,,,
"Evening workout ????,8 Nov 2025"," 18:24""","8 Nov 2025, 19:54",,Leg Press (Machine),,,2,warmup,485.02,5,,,
"Evening workout ????,8 Nov 2025"," 18:24""","8 Nov 2025, 19:54",,Leg Press (Machine),,,3,warmup,617.29,5,,,
"Evening workout ????,8 Nov 2025"," 18:24""","8 Nov 2025, 19:54",,Leg Press (Machine),,,4,normal,683.43,8,,,
"Evening workout ????,8 Nov 2025"," 18:24""","8 Nov 2025, 19:54",,Leg Press (Machine),,,5,normal,727.52,8,,,
"Evening workout ????,8 Nov 2025"," 18:24""","8 Nov 2025, 19:54",,Leg Press (Machine),,,6,normal,771.62,8,,,
"Evening workout ????,8 Nov 2025"," 18:24""","8 Nov 2025, 19:54",,Leg Press (Machine),,,7,normal,771.62,8,,,
"Evening workout ????,8 Nov 2025"," 18:24""","8 Nov 2025, 19:54",,Leg Press (Machine),,,8,normal,771.62,8,,,
"Evening workout ????,8 Nov 2025"," 18:24""","8 Nov 2025, 19:54",,Iso-Lateral Chest Press (Machine),,,0,warmup,118.17,10,,,
"Evening workout ????,8 Nov 2025"," 18:24""","8 Nov 2025, 19:54",,Iso-Lateral Chest Press (Machine),,,1,normal,206.35,10,,,
"Evening workout ????,8 Nov 2025"," 18:24""","8 Nov 2025, 19:54",,Iso-Lateral Chest Press (Machine),,,2,normal,250.44,4,,,
"Evening workout ????,8 Nov 2025"," 18:24""","8 Nov 2025, 19:54",,Iso-Lateral Chest Press (Machine),,,3,normal,206.35,9,,,
"Evening workout ????,8 Nov 2025"," 18:24""","8 Nov 2025, 19:54",,Iso-Lateral Chest Press (Machine),,,4,normal,206.35,9,,,
"Evening workout ????,8 Nov 2025"," 18:24""","8 Nov 2025, 19:54",,Iso-Lateral Chest Press (Machine),,,5,normal,206.35,9,,,
"Evening workout ????,8 Nov 2025"," 18:24""","8 Nov 2025, 19:54",,Lat Pulldown (Cable),,,0,normal,99.21,15,,,
"Evening workout ????,8 Nov 2025"," 18:24""","8 Nov 2025, 19:54",,Single Arm Lat Pulldown,,,0,normal,79.37,10,,,
"Evening workout ????,8 Nov 2025"," 18:24""","8 Nov 2025, 19:54",,Single Arm Lat Pulldown,,,1,normal,59.52,18,,,
"Evening workout ????,8 Nov 2025"," 18:24""","8 Nov 2025, 19:54",,Single Arm Lat Pulldown,,,2,normal,59.52,16,,,
"Evening workout ????,8 Nov 2025"," 18:24""","8 Nov 2025, 19:54",,Single Arm Lat Pulldown,,,3,normal,59.52,18,,,
"Evening workout ????,8 Nov 2025"," 18:24""","8 Nov 2025, 19:54",,Triceps Rope Pushdown,,,0,normal,59.52,12,,,
"Evening workout ????,8 Nov 2025"," 18:24""","8 Nov 2025, 19:54",,Triceps Rope Pushdown,,,1,normal,64.6,7,,,
"Evening workout ????,8 Nov 2025"," 18:24""","8 Nov 2025, 19:54",,Triceps Rope Pushdown,,,2,normal,64.6,9,,,
"Evening workout ????,8 Nov 2025"," 18:24""","8 Nov 2025, 19:54",,Seated Lateral Raise (Dumbbell),,,0,normal,35.27,12,,,
"Evening workout ????,8 Nov 2025"," 18:24""","8 Nov 2025, 19:54",,Seated Lateral Raise (Dumbbell),,,1,normal,35.27,12,,,
Push Day 2,"7 Nov 2025, 08:04","7 Nov 2025, 09:11",,Overhead Press (Smith Machine),,,0,warmup,44.09,10,,,
Push Day 2,"7 Nov 2025, 08:04","7 Nov 2025, 09:11",,Overhead Press (Smith Machine),,,1,warmup,88.18,5,,,
Push Day 2,"7 Nov 2025, 08:04","7 Nov 2025, 09:11",,Overhead Press (Smith Machine),,,2,warmup,132.28,3,,,
Push Day 2,"7 Nov 2025, 08:04","7 Nov 2025, 09:11",,Overhead Press (Smith Machine),,,3,normal,148.81,5,,,
Push Day 2,"7 Nov 2025, 08:04","7 Nov 2025, 09:11",,Overhead Press (Smith Machine),,,4,normal,148.81,5,,,
Push Day 2,"7 Nov 2025, 08:04","7 Nov 2025, 09:11",,Overhead Press (Smith Machine),,,5,normal,148.81,5,,,
Push Day 2,"7 Nov 2025, 08:04","7 Nov 2025, 09:11",,Overhead Press (Smith Machine),,,6,normal,148.81,5,,,
Push Day 2,"7 Nov 2025, 08:04","7 Nov 2025, 09:11",,Seated Lateral Raise (Dumbbell),,,0,normal,44.09,12,,,
Push Day 2,"7 Nov 2025, 08:04","7 Nov 2025, 09:11",,Seated Lateral Raise (Dumbbell),,,1,normal,44.09,12,,,10
Push Day 2,"7 Nov 2025, 08:04","7 Nov 2025, 09:11",,Seated Lateral Raise (Dumbbell),,,2,normal,44.09,12,,,
Push Day 2,"7 Nov 2025, 08:04","7 Nov 2025, 09:11",,Seated Lateral Raise (Dumbbell),,,3,normal,44.09,12,,,
Push Day 2,"7 Nov 2025, 08:04","7 Nov 2025, 09:11",,Triceps Rope Pushdown,,,0,normal,154.32,12,,,
Push Day 2,"7 Nov 2025, 08:04","7 Nov 2025, 09:11",,Triceps Rope Pushdown,,,1,normal,154.32,11,,,
Push Day 2,"7 Nov 2025, 08:04","7 Nov 2025, 09:11",,Triceps Rope Pushdown,,,2,normal,154.32,9,,,
Push Day 2,"7 Nov 2025, 08:04","7 Nov 2025, 09:11",,Triceps Rope Pushdown,,,3,normal,154.32,9,,,
Push Day 2,"7 Nov 2025, 08:04","7 Nov 2025, 09:11",,Hanging Leg Raise,,,0,normal,,10,,,
Push Day 2,"7 Nov 2025, 08:04","7 Nov 2025, 09:11",,Hanging Leg Raise,,,1,normal,,10,,,
Pull Day 1,"6 Nov 2025, 07:54","6 Nov 2025, 09:13",,Pendlay Row (Barbell),,,0,warmup,110.23,10,,,
Pull Day 1,"6 Nov 2025, 07:54","6 Nov 2025, 09:13",,Pendlay Row (Barbell),,,1,warmup,154.32,5,,,
Pull Day 1,"6 Nov 2025, 07:54","6 Nov 2025, 09:13",,Pendlay Row (Barbell),,,2,warmup,198.42,5,,,
Pull Day 1,"6 Nov 2025, 07:54","6 Nov 2025, 09:13",,Pendlay Row (Barbell),,,3,normal,220.46,5,,,
Pull Day 1,"6 Nov 2025, 07:54","6 Nov 2025, 09:13",,Pendlay Row (Barbell),,,4,normal,220.46,5,,,
Pull Day 1,"6 Nov 2025, 07:54","6 Nov 2025, 09:13",,Pendlay Row (Barbell),,,5,normal,220.46,5,,,
Pull Day 1,"6 Nov 2025, 07:54","6 Nov 2025, 09:13",,Pendlay Row (Barbell),,,6,normal,198.42,7,,,10
Pull Day 1,"6 Nov 2025, 07:54","6 Nov 2025, 09:13",,Seated Cable Row - Bar Wide Grip,,,0,warmup,138.89,20,,,
Pull Day 1,"6 Nov 2025, 07:54","6 Nov 2025, 09:13",,Seated Cable Row - Bar Wide Grip,,,1,warmup,220.46,12,,,
Pull Day 1,"6 Nov 2025, 07:54","6 Nov 2025, 09:13",,Seated Cable Row - Bar Wide Grip,,,2,normal,242.51,10,,,
Pull Day 1,"6 Nov 2025, 07:54","6 Nov 2025, 09:13",,Seated Cable Row - Bar Wide Grip,,,3,normal,242.51,11,,,
Pull Day 1,"6 Nov 2025, 07:54","6 Nov 2025, 09:13",,Seated Cable Row - Bar Wide Grip,,,4,normal,242.51,12,,,
Pull Day 1,"6 Nov 2025, 07:54","6 Nov 2025, 09:13",,Seated Cable Row - Bar Wide Grip,,,5,normal,242.51,12,,,
Pull Day 1,"6 Nov 2025, 07:54","6 Nov 2025, 09:13",,Face Pull,,,0,normal,169.76,12,,,
Pull Day 1,"6 Nov 2025, 07:54","6 Nov 2025, 09:13",,Face Pull,,,1,normal,169.76,10,,,
Pull Day 1,"6 Nov 2025, 07:54","6 Nov 2025, 09:13",,Face Pull,,,2,normal,169.76,10,,,
Pull Day 1,"6 Nov 2025, 07:54","6 Nov 2025, 09:13",,Face Pull,,,3,normal,169.76,8,,,
Pull Day 1,"6 Nov 2025, 07:54","6 Nov 2025, 09:13",,Behind the Back Curl (Cable),,,0,normal,39.68,12,,,
Pull Day 1,"6 Nov 2025, 07:54","6 Nov 2025, 09:13",,Behind the Back Curl (Cable),,,1,normal,39.68,12,,,
Pull Day 1,"6 Nov 2025, 07:54","6 Nov 2025, 09:13",,Behind the Back Curl (Cable),,,2,normal,39.68,11,,,
Pull Day 1,"6 Nov 2025, 07:54","6 Nov 2025, 09:13",,Behind the Back Curl (Cable),,,3,normal,39.68,6,,,
"Evening workout ????,4 Nov 2025"," 12:00""","4 Nov 2025, 13:01",,Hack Squat (Machine),,,0,warmup,176.37,10,,,
"Evening workout ????,4 Nov 2025"," 12:00""","4 Nov 2025, 13:01",,Hack Squat (Machine),,,1,warmup,330.69,5,,,
"Evening workout ????,4 Nov 2025"," 12:00""","4 Nov 2025, 13:01",,Hack Squat (Machine),,,2,warmup,462.97,3,,,
"Evening workout ????,4 Nov 2025"," 12:00""","4 Nov 2025, 13:01",,Hack Squat (Machine),,,3,normal,473.99,5,,,
"Evening workout ????,4 Nov 2025"," 12:00""","4 Nov 2025, 13:01",,Hack Squat (Machine),,,4,normal,473.99,5,,,
"Evening workout ????,4 Nov 2025"," 12:00""","4 Nov 2025, 13:01",,Hack Squat (Machine),,,5,normal,473.99,5,,,
"Evening workout ????,4 Nov 2025"," 12:00""","4 Nov 2025, 13:01",,Hack Squat (Machine),,,6,normal,473.99,8,,,
"Evening workout ????,4 Nov 2025"," 12:00""","4 Nov 2025, 13:01",,Leg Extension (Machine),,,0,normal,110.23,10,,,
"Evening workout ????,4 Nov 2025"," 12:00""","4 Nov 2025, 13:01",,Leg Extension (Machine),,,1,normal,125.66,12,,,
"Evening workout ????,4 Nov 2025"," 12:00""","4 Nov 2025, 13:01",,Leg Extension (Machine),,,2,normal,154.32,8,,,
"Evening workout ????,4 Nov 2025"," 12:00""","4 Nov 2025, 13:01",,Leg Extension (Machine),,,3,normal,154.32,10,,,
"Evening workout ????,4 Nov 2025"," 12:00""","4 Nov 2025, 13:01",,Leg Extension (Machine),,,4,normal,169.76,12,,,
"Evening workout ????,4 Nov 2025"," 12:00""","4 Nov 2025, 13:01",,Leg Extension (Machine),,,5,normal,185.19,10,,,
"Evening workout ????,4 Nov 2025"," 12:00""","4 Nov 2025, 13:01",,Leg Extension (Machine),,,6,normal,213.85,8,,,
"Evening workout ????,4 Nov 2025"," 12:00""","4 Nov 2025, 13:01",,Leg Extension (Machine),,,7,normal,235.89,8,,,
"Evening workout ????,1 Nov 2025"," 12:00""","1 Nov 2025, 13:00",,Incline Bench Press (Smith Machine),,,0,warmup,110.23,12,,,
"Evening workout ????,1 Nov 2025"," 12:00""","1 Nov 2025, 13:00",,Incline Bench Press (Smith Machine),,,1,warmup,154.32,10,,,
"Evening workout ????,1 Nov 2025"," 12:00""","1 Nov 2025, 13:00",,Incline Bench Press (Smith Machine),,,2,normal,198.42,1,,,
"Evening workout ????,1 Nov 2025"," 12:00""","1 Nov 2025, 13:00",,Incline Bench Press (Smith Machine),,,3,normal,176.37,5,,,
"Evening workout ????,1 Nov 2025"," 12:00""","1 Nov 2025, 13:00",,Incline Bench Press (Smith Machine),,,4,normal,154.32,8,,,
"Evening workout ????,1 Nov 2025"," 12:00""","1 Nov 2025, 13:00",,Incline Bench Press (Smith Machine),,,5,normal,154.32,11,,,
"Evening workout ????,1 Nov 2025"," 12:00""","1 Nov 2025, 13:00",,Incline Bench Press (Smith Machine),,,6,normal,154.32,10,,,
"Evening workout ????,1 Nov 2025"," 12:00""","1 Nov 2025, 13:00",,Seated Leg Curl (Machine),,,0,normal,203.93,11,,,
"Evening workout ????,1 Nov 2025"," 12:00""","1 Nov 2025, 13:00",,Seated Leg Curl (Machine),,,1,normal,220.46,8,,,
"Evening workout ????,1 Nov 2025"," 12:00""","1 Nov 2025, 13:00",,Seated Leg Curl (Machine),,,2,normal,220.46,8,,,
"Evening workout ????,1 Nov 2025"," 12:00""","1 Nov 2025, 13:00",,Seated Leg Curl (Machine),,,3,normal,220.46,7,,,
"Evening workout ????,1 Nov 2025"," 12:00""","1 Nov 2025, 13:00",,Seated Leg Curl (Machine),,,4,normal,220.46,6,,,
"Evening workout ????,1 Nov 2025"," 12:00""","1 Nov 2025, 13:00",,Pull Up (Assisted),,,0,normal,,8,,,
"Evening workout ????,1 Nov 2025"," 12:00""","1 Nov 2025, 13:00",,Pull Up (Assisted),,,1,normal,,6,,,
"Evening workout ????,1 Nov 2025"," 12:00""","1 Nov 2025, 13:00",,Pull Up (Assisted),,,2,normal,,8,,,
"Evening workout ????,1 Nov 2025"," 12:00""","1 Nov 2025, 13:00",,Pull Up (Assisted),,,3,normal,,6,,,
"Evening workout ????,1 Nov 2025"," 12:00""","1 Nov 2025, 13:00",,Behind the Back Curl (Cable),,,0,normal,50.71,8,,,
"Evening workout ????,1 Nov 2025"," 12:00""","1 Nov 2025, 13:00",,Behind the Back Curl (Cable),,,1,normal,,8,,,
"Evening workout ????,1 Nov 2025"," 12:00""","1 Nov 2025, 13:00",,Behind the Back Curl (Cable),,,2,normal,,8,,,
"Evening workout ????,1 Nov 2025"," 12:00""","1 Nov 2025, 13:00",,Behind the Back Curl (Cable),,,3,normal,,7,,,
"Evening workout ????,31 Oct 2025"," 12:00""","31 Oct 2025, 13:00",,Sumo Deadlift,,,0,warmup,132.28,12,,,
"Evening workout ????,31 Oct 2025"," 12:00""","31 Oct 2025, 13:00",,Sumo Deadlift,,,1,warmup,220.46,5,,,
"Evening workout ????,31 Oct 2025"," 12:00""","31 Oct 2025, 13:00",,Sumo Deadlift,,,2,warmup,286.6,3,,,
"Evening workout ????,31 Oct 2025"," 12:00""","31 Oct 2025, 13:00",,Sumo Deadlift,,,3,normal,352.74,5,,,
"Evening workout ????,31 Oct 2025"," 12:00""","31 Oct 2025, 13:00",,Sumo Deadlift,,,4,normal,352.74,4,,,
"Evening workout ????,31 Oct 2025"," 12:00""","31 Oct 2025, 13:00",,Sumo Deadlift,,,5,normal,308.65,6,,,
"Evening workout ????,31 Oct 2025"," 12:00""","31 Oct 2025, 13:00",,Sumo Deadlift,,,6,normal,308.65,8,,,
"Evening workout ????,31 Oct 2025"," 12:00""","31 Oct 2025, 13:00",,Seated Leg Curl (Machine),,,0,normal,138.89,12,,,
"Evening workout ????,31 Oct 2025"," 12:00""","31 Oct 2025, 13:00",,Seated Leg Curl (Machine),,,1,normal,185.19,8,,,
"Evening workout ????,31 Oct 2025"," 12:00""","31 Oct 2025, 13:00",,Seated Leg Curl (Machine),,,2,normal,185.19,8,,,
"Evening workout ????,31 Oct 2025"," 12:00""","31 Oct 2025, 13:00",,Seated Leg Curl (Machine),,,3,normal,185.19,8,,,
"Evening workout ????,31 Oct 2025"," 12:00""","31 Oct 2025, 13:00",,Seated Shoulder Press (Machine),,,0,normal,182.98,13,,,
"Evening workout ????,31 Oct 2025"," 12:00""","31 Oct 2025, 13:00",,Seated Shoulder Press (Machine),,,1,normal,182.98,10,,,
"Evening workout ????,31 Oct 2025"," 12:00""","31 Oct 2025, 13:00",,Seated Shoulder Press (Machine),,,2,normal,182.98,10,,,
"Evening workout ????,31 Oct 2025"," 12:00""","31 Oct 2025, 13:00",,Seated Shoulder Press (Machine),,,3,normal,182.98,6,,,
"Evening workout ????,31 Oct 2025"," 12:00""","31 Oct 2025, 13:00",,Overhead Triceps Extension (Cable),,,0,normal,154.32,8,,,
"Evening workout ????,31 Oct 2025"," 12:00""","31 Oct 2025, 13:00",,Overhead Triceps Extension (Cable),,,1,normal,154.32,6,,,
"Evening workout ????,31 Oct 2025"," 12:00""","31 Oct 2025, 13:00",,Overhead Triceps Extension (Cable),,,2,normal,138.89,7,,,
"Evening workout ????,30 Oct 2025"," 12:00""","30 Oct 2025, 13:00",,Bent Over Row (Barbell),,,0,warmup,132.28,12,,,
"Evening workout ????,30 Oct 2025"," 12:00""","30 Oct 2025, 13:00",,Bent Over Row (Barbell),,,1,warmup,176.37,8,,,
"Evening workout ????,30 Oct 2025"," 12:00""","30 Oct 2025, 13:00",,Bent Over Row (Barbell),,,2,normal,198.42,8,,,
"Evening workout ????,30 Oct 2025"," 12:00""","30 Oct 2025, 13:00",,Bent Over Row (Barbell),,,3,normal,198.42,7,,,
"Evening workout ????,30 Oct 2025"," 12:00""","30 Oct 2025, 13:00",,Bent Over Row (Barbell),,,4,normal,176.37,7,,,
"Evening workout ????,30 Oct 2025"," 12:00""","30 Oct 2025, 13:00",,Bent Over Row (Barbell),,,5,normal,176.37,6,,,
"Evening workout ????,30 Oct 2025"," 12:00""","30 Oct 2025, 13:00",,Pull Up (Assisted),,,0,normal,37.48,8,,,
"Evening workout ????,30 Oct 2025"," 12:00""","30 Oct 2025, 13:00",,Pull Up (Assisted),,,1,normal,37.48,7,,,
"Evening workout ????,30 Oct 2025"," 12:00""","30 Oct 2025, 13:00",,Pull Up (Assisted),,,2,normal,37.48,6,,,
"Evening workout ????,30 Oct 2025"," 12:00""","30 Oct 2025, 13:00",,Pull Up (Assisted),,,3,normal,48.5,6,,,
"Evening workout ????,30 Oct 2025"," 12:00""","30 Oct 2025, 13:00",,Face Pull,,,0,normal,138.89,13,,,
"Evening workout ????,30 Oct 2025"," 12:00""","30 Oct 2025, 13:00",,Face Pull,,,1,normal,169.76,8,,,
"Evening workout ????,30 Oct 2025"," 12:00""","30 Oct 2025, 13:00",,Face Pull,,,2,normal,169.76,7,,,
"Evening workout ????,30 Oct 2025"," 12:00""","30 Oct 2025, 13:00",,Face Pull,,,3,normal,169.76,7,,,
"Evening workout ????,30 Oct 2025"," 12:00""","30 Oct 2025, 13:00",,Behind the Back Curl (Cable),,,0,normal,39.68,12,,,
"Evening workout ????,30 Oct 2025"," 12:00""","30 Oct 2025, 13:00",,Behind the Back Curl (Cable),,,1,normal,50.71,7,,,
"Evening workout ????,30 Oct 2025"," 12:00""","30 Oct 2025, 13:00",,Behind the Back Curl (Cable),,,2,normal,50.71,6,,,
"Evening workout ????,30 Oct 2025"," 12:00""","30 Oct 2025, 13:00",,Behind the Back Curl (Cable),,,3,normal,39.68,6,,,
"Evening workout ????,28 Oct 2025"," 12:00""","28 Oct 2025, 13:00",,Overhead Press (Smith Machine),,,0,normal,143.3,5,,,
"Evening workout ????,28 Oct 2025"," 12:00""","28 Oct 2025, 13:00",,Overhead Press (Smith Machine),,,1,normal,143.3,5,,,
"Evening workout ????,28 Oct 2025"," 12:00""","28 Oct 2025, 13:00",,Overhead Press (Smith Machine),,,2,normal,132.28,5,,,
"Evening workout ????,28 Oct 2025"," 12:00""","28 Oct 2025, 13:00",,Overhead Press (Smith Machine),,,3,normal,132.28,5,,,
"Evening workout ????,28 Oct 2025"," 12:00""","28 Oct 2025, 13:00",,Bench Press (Smith Machine),,,0,warmup,44.09,15,,,
"Evening workout ????,28 Oct 2025"," 12:00""","28 Oct 2025, 13:00",,Bench Press (Smith Machine),,,1,warmup,132.28,8,,,
"Evening workout ????,28 Oct 2025"," 12:00""","28 Oct 2025, 13:00",,Bench Press (Smith Machine),,,2,warmup,176.37,5,,,
"Evening workout ????,28 Oct 2025"," 12:00""","28 Oct 2025, 13:00",,Bench Press (Smith Machine),,,3,warmup,220.46,3,,,
"Evening workout ????,28 Oct 2025"," 12:00""","28 Oct 2025, 13:00",,Bench Press (Smith Machine),,,4,normal,264.55,5,,,
"Evening workout ????,28 Oct 2025"," 12:00""","28 Oct 2025, 13:00",,Bench Press (Smith Machine),,,5,normal,264.55,5,,,
"Evening workout ????,28 Oct 2025"," 12:00""","28 Oct 2025, 13:00",,Bench Press (Smith Machine),,,6,normal,264.55,5,,,
"Evening workout ????,28 Oct 2025"," 12:00""","28 Oct 2025, 13:00",,Overhead Triceps Extension (Cable),,,0,normal,138.89,8,,,
"Evening workout ????,28 Oct 2025"," 12:00""","28 Oct 2025, 13:00",,Overhead Triceps Extension (Cable),,,1,normal,154.32,7,,,
"Evening workout ????,28 Oct 2025"," 12:00""","28 Oct 2025, 13:00",,Overhead Triceps Extension (Cable),,,2,normal,154.32,7,,,
"Evening workout ????,28 Oct 2025"," 12:00""","28 Oct 2025, 13:00",,Overhead Triceps Extension (Cable),,,3,normal,154.32,8,,,
Morning workout ??,"5 Nov 2025, 09:40","5 Nov 2025, 11:07",,Overhead Press (Smith Machine),,,0,warmup,44.09,10,,,
Morning workout ??,"5 Nov 2025, 09:40","5 Nov 2025, 11:07",,Overhead Press (Smith Machine),,,1,warmup,88.18,5,,,
Morning workout ??,"5 Nov 2025, 09:40","5 Nov 2025, 11:07",,Overhead Press (Smith Machine),,,2,warmup,132.28,3,,,9
Morning workout ??,"5 Nov 2025, 09:40","5 Nov 2025, 11:07",,Overhead Press (Smith Machine),,,3,normal,148.81,5,,,10
Morning workout ??,"5 Nov 2025, 09:40","5 Nov 2025, 11:07",,Overhead Press (Smith Machine),,,4,normal,148.81,5,,,
Morning workout ??,"5 Nov 2025, 09:40","5 Nov 2025, 11:07",,Overhead Press (Smith Machine),,,5,normal,148.81,5,,,
Morning workout ??,"5 Nov 2025, 09:40","5 Nov 2025, 11:07",,Overhead Press (Smith Machine),,,6,normal,148.81,4,,,
Morning workout ??,"5 Nov 2025, 09:40","5 Nov 2025, 11:07",,Bench Press (Smith Machine),,,0,warmup,44.09,20,,,
Morning workout ??,"5 Nov 2025, 09:40","5 Nov 2025, 11:07",,Bench Press (Smith Machine),,,1,warmup,110.23,10,,,
Morning workout ??,"5 Nov 2025, 09:40","5 Nov 2025, 11:07",,Bench Press (Smith Machine),,,2,warmup,176.37,5,,,
Morning workout ??,"5 Nov 2025, 09:40","5 Nov 2025, 11:07",,Bench Press (Smith Machine),,,3,warmup,220.46,3,,,
Morning workout ??,"5 Nov 2025, 09:40","5 Nov 2025, 11:07",,Bench Press (Smith Machine),,,4,normal,281.09,5,,,
Morning workout ??,"5 Nov 2025, 09:40","5 Nov 2025, 11:07",,Bench Press (Smith Machine),,,5,normal,281.09,5,,,
Morning workout ??,"5 Nov 2025, 09:40","5 Nov 2025, 11:07",,Bench Press (Smith Machine),,,6,normal,281.09,5,,,
Morning workout ??,"5 Nov 2025, 09:40","5 Nov 2025, 11:07",,Bench Press (Smith Machine),,,7,normal,281.09,6,,,10
Morning workout ??,"5 Nov 2025, 09:40","5 Nov 2025, 11:07",,Overhead Triceps Extension (Cable),,,0,normal,154.32,9,,,
Morning workout ??,"5 Nov 2025, 09:40","5 Nov 2025, 11:07",,Overhead Triceps Extension (Cable),,,1,normal,154.32,9,,,
Morning workout ??,"5 Nov 2025, 09:40","5 Nov 2025, 11:07",,Overhead Triceps Extension (Cable),,,2,normal,154.32,9,,,
